:100000000C94D0020C94FA020C94FA020C94FA02AA
:100010000C94FA020C94FA020C94FA020C94FA0270
:100020000C94FA020C94FA020C94FA020C94FA0260
:100030000C94FA020C94FA020C94FA020C94FA0250
:100040000C94FA020C94FA020C94C73D0C94FA0238
:100050000C94F3400C9435410C94FA020C94FA027F
:100060000C94FA020C94FA020C94973C0C94FA0249
:100070000C94FA020C94FA020C94FA020C94FA0210
:100080000C94FA020C94FA020C94FA024C6F61641C
:10009000696E672064656661756C74206E6574773F
:1000A0006F726B2073657474696E677300AF003193
:1000B00010FD2152FDCDC6FECD3EFFCDF4FD3EFF2D
:1000C000BC2010BD200D21D9FDCDC6FE2188FDCD5F
:1000D000C6FE76E521D9FDCDC6FE2175FDCDC6FE55
:1000E000E1CD4BFFCD3EFFCD3EFFDB01FEFF20FA11
:1000F000E9694C6F6164202D20496E74656C2D4850
:100100006578204C6F61646572202D205332303049
:10011000373138005374617274696E6720416464CA
:10012000726573733A20004C6F6164206572726F60
:1001300072202D2053797374656D2068616C74652D
:10014000640057616974696E6720696E7075742008
:1001500073747265616D2E2E2E0053796E74617802
:10016000206572726F722100436865636B73756DF1
:10017000206572726F722100694C6F61643A2000D1
:10018000416464726573732076696F6C6174696F22
:100190006E2100F5D5C501FFFF21A3FDCDC6FECD23
:1001A0003EFFCD72FFFE0D28F9FE0A28F5FE20283D
:1001B000F1CD1AFFCD69FFFE3AC2A3FECDE1FE5795
:1001C0001E00CDBEFECDD6FE3EFFB82005B92002F2
:1001D000444D7CCDBEFE7DCDBEFECDE1FECDBEFE4E
:1001E000FE01201ECDE1FECDBEFE7BA72866CD3EE2
:1001F000FF21D9FDCDC6FE21C9FDCDC6FE01FFFF01
:1002000018527AA7282CCDE1FECDBEFEE5C5A70188
:10021000F0FCED42C1E1DA8EFECD3EFF21D9FDCDED
:10022000C6FE21E1FDCDC6FE01FFFF18277723158D
:1002300018D0CDE1FECDBEFE7BA720B2CD3EFFC3E0
:1002400003FECD3EFF21D9FDCDC6FE21BBFDCDC6AF
:10025000FE01FFFFCD3EFF6069C1D1F1C9C54F7BF3
:10026000915F79C1C9F5E57EFE002806CD69FF23BF
:1002700018F5E1F1C9F5CDE1FE67CDE1FE6FF1C9F9
:10028000C5CDF4FECB07CB07CB07CB0747CDF4FE9C
:10029000B0C1C9CD72FFCD1AFFCD06FF30F5CD2319
:1002A000FFCD2EFFC9FE47D0FE3030023FC9FE3AD7
:1002B000D8FE4130023FC937C9FE61D8FE7BD0E687
:1002C0005FC9FE3A3802D607D630E60FC9F5E60F09
:1002D000C630FE3A3802C607CD69FFF1C9F53E0DBA
:1002E000CD69FF3E0ACD69FFF1C9E5F57CCD58FF28
:1002F0007DCD58FFF1E1C9F5C5470F0F0F0FCD2E8A
:10030000FF78CD2EFFC1F1C9F53E01D301F1D30035
:10031000C9DB01FEFFCA72FFC95B57353530305D5E
:10032000205735353030207265736574204F4B008F
:100330005B57353530305D205735353030207265AC
:10034000736574204552524F52005B57353530303B
:100350005D20573535303020726573657400446513
:100360006163746976617465640041637469766180
:10037000746564005B54454C4E45545D2052657075
:100380006C69656420274941432057494C4C2045FE
:1003900043484F2720746F202749414320444F2072
:1003A0004543484F2720726571756573740D0A00C7
:1003B000636C69656E742069735F74656C6E6574D7
:1003C0000D0A005B54454C4E45545D2053656E64E8
:1003D000696E672062616E6E6572206F6E20736F4A
:1003E000636B657420005B54454C4E45545D20534F
:1003F000656E64696E67206D696E692049414320AE
:100400006F6E20736F636B657420005B54454C4EB8
:1004100045545D2053656E64696E672049414320F1
:100420006F6E20736F636B657420005B54454C4E98
:1004300045545D205A6F6D6269652074696D656F02
:1004400075743A20E2869220726573657474696EE1
:100450006720736F636B657420005B54454C4E4599
:10046000545D2048616E67757020726571756573A3
:10047000743A20E2869220726573657474696E67BF
:1004800020736F636B657420005B54454C4E45547C
:100490005D20434C4F53455F5741495420E28692BB
:1004A00020434C4F5345206F6E20736F636B657410
:1004B00020005B54454C4E45545D20434C4F534502
:1004C0004420E28692204C495354454E206F6E20C2
:1004D000736F636B657420005B54454C4E45545DEF
:1004E00020446973636F6E6E656374656420736F17
:1004F000636B657420005B4552525D205735353083
:1005000030206E6F7420666F756E642120564552E0
:1005100053494F4E52203D20000000000203000AC4
:100520000B000000000504090800000000000000A6
:10053000000000000000000000010204081020403C
:1005400080010204081020408001020408102040AD
:10055000800102040810204080020202020202020E
:100560000204040404040404040303030303030354
:100570000301010101010101010000200023002607
:1005800000290000002200250028002B0000002187
:1005900000240027002A00003508843B69414108F7
:1005A00011241FBECFEFD0E4DEBFCDBF17E1A0E026
:1005B000B1E0E8E0F9E900E00BBF02C007900D925E
:1005C000A230B107D9F725E3A2E0B7E101C01D923F
:1005D000A23FB207E1F712E0CFECD2E004C02197CE
:1005E000FE010E94C045CC3CD107C9F70E945E4382
:1005F0000C94774C0C9400000F931F93CF93DF93D0
:100600000AEA10E3CAE0D0E0CE010E94514CF801A2
:1006100081938F012196C134D105B1F78AEA90E325
:10062000DF91CF911F910F9108950C94514CDC01F3
:10063000ED91FC910190F081E02D0994DC01ED91A8
:10064000FC910190F081E02D0994FF920F931F938C
:10065000CF93DF93EC01F62E08811981C8010E9427
:10066000514CF81621F06F2DC8010E94594CCE0153
:10067000DF91CF911F910F91FF900895CF93DF935A
:1006800000D0CDB7DEB79A838983CE0101960E9450
:1006900025030F900F90DF91CF910895EF92FF9275
:1006A0000F931F93CF93DF9300D0CDB7DEB78AEAC5
:1006B000E82E80E3F82E0AE010E01A830983F701A0
:1006C00061917F01CE0101960E9425030F5F1F4FAC
:1006D0000134110591F78AEA90E30F900F90DF91B2
:1006E000CF911F910F91FF90EF900895CF93DF93DB
:1006F000D82F61E082E00E945A3FCFEFC1B9D2B952
:1007000061E08CE00E941E3F61E08CE00E945A3F55
:1007100060E08CE00E945A3F11B8C2B9DF91CF91DE
:100720000895CF92DF92EF92FF920F931F93CF9392
:10073000DF93CDB7DEB7D2500FB6F894DEBF0FBE51
:10074000CDBF9E01255F3D4FF901419151919F0120
:1007500060E072E08E010F5F1F4FC8010E946E497A
:100760006C01B8018DE891E30E940742809149181D
:1007700081FF0EC07801C701801B910B8C159D0570
:100780003CF4F70161917F0180E00E94BE39F3CF14
:10079000DE5F0FB6F894DEBF0FBECDBFDF91CF9105
:1007A0001F910F91FF90EF90DF90CF90089560E040
:1007B00086E10E945A3F61E080E00E945A3F64E671
:1007C00070E080E090E00E94683E60E080E00E947F
:1007D0005A3F61E086E10C945A3FCF93DF9300D0FB
:1007E00000D000D0CDB7DEB70E94FC028091E0308F
:1007F0008A3209F461C06CE870E08DE891E30E94F0
:10080000134286E0EDE1F1E0DE01119601900D92D8
:100810008A95E1F786E0FE013196AAEAB0E30190FD
:100820000D928A95E1F720EC2093B03098EA9093EE
:10083000B1301092B2308CE38093B3308FEF80935D
:10084000B4308093B5308093B6301092B730209397
:10085000B8309093B9301092BA3091E09093BB3099
:100860001092BC301092BD301092BE301092BF304A
:1008700088E08093C0308093C1308093C2308093F1
:10088000C3309093C4309093C5309093C63090930A
:10089000C73020ED37E03093C9302093C8308093C3
:1008A000CA3063E271E08BEC90E30E942F498AE248
:1008B0008093E0300E944E038BEC90E3FC010190AA
:1008C0000020E9F7CF018C5C9043459710F010921F
:1008D000DF3026960FB6F894DEBF0FBECDBFDF9196
:1008E000CF9108958EE291E09F938F930E949103A0
:1008F0000F900F9008956AE00E947E458295807F58
:10090000890F0895982F92959F708F702AE0929F7B
:10091000800D11240895CF93C82F8A3040F48DE6BE
:1009200091E09F938F930E9491030F900F901F92DD
:10093000CF938DE494E09F938F930E9491030F9047
:100940000F900F900F90CF9108950F931F93CF9317
:10095000DF93EC018D810E948B040FE611E01F9361
:100960000F930E9491038E810E948B041F930F931B
:100970000E9491038F810E948B0486E393E19F93F1
:100980008F930E9491038C810E948B0401E711E0F8
:100990001F930F930E9491038B810E948B041F93DE
:1009A0000F930E9491038DB79EB70A960FB6F894E5
:1009B0009EBF0FBE8DBF8A81DF91CF911F910F9196
:1009C0000C948B04FB0123811F922F9322811F9291
:1009D0002F9321811F922F9320811F922F9323E722
:1009E00031E03F932F939F938F930E943E498DB7A1
:1009F0009EB70C960FB6F8949EBF0FBE8DBF08959C
:100A0000FB0125811F922F9324811F922F93238115
:100A10001F922F9322811F922F9321811F922F9338
:100A200020811F922F9323E831E03F932F939F93D0
:100A30008F930E943E498DB79EB740960FB6F894AB
:100A40009EBF0FBE8DBF08957F936F932DE434E05A
:100A50003F932F939F938F930E943E490F900F9047
:100A60000F900F900F900F900895BF92CF92DF924A
:100A7000EF92FF920F931F93CF93DF93C82EB62E62
:100A8000142F052FF22EE32E84E0D82EDC0C1F92BB
:100A9000DF92CFE9D3E0DF93CF930E9491030F90D1
:100AA0000F900F900F90CB1022C0EF92FF920F93F8
:100AB0001F9381EA91E09F938F930E9491031F926D
:100AC000DF92DF93CF930E9491038DB79EB70A9672
:100AD0000FB6F8949EBF0FBE8DBFDF91CF911F91CF
:100AE0000F91FF90EF90DF90CF90BF900895EF921D
:100AF000FF920F931F9380EB91E09F938F930E943F
:100B000091030F900F900F900F900F900F90E5CFE3
:100B1000CF92DF92EF92FF920F931F93CF93DF93C9
:100B2000CDB7DEB7A0970FB6F894DEBF0FBECDBF2E
:100B3000E82EF62E8A01C82ED12CC60104969F936A
:100B40008F938FEB91E09F938F930E9491030F906F
:100B50000F900F900F9089E08E15E8F0F601ED549C
:100B6000FA4F0C94C045BD05DA05E905F8050706FE
:100B700016062506340643065206B801CE01019634
:100B80000E9400059E012F5F3F4F4AEC51E06F2D00
:100B900080E00E943505A0960FB6F894DEBF0FBE28
:100BA000CDBFDF91CF911F910F91FF90EF90DF901C
:100BB000CF900895B8016A5F7F4FCE0101960E94E1
:100BC000E2049E012F5F3F4F46ED51E06F2D81E023
:100BD000E0CFB801665F7F4FCE0101960E94E2042C
:100BE0009E012F5F3F4F41EE51E06F2D82E0D1CF4C
:100BF000B801625F7F4FCE0101960E94E2049E0120
:100C00002F5F3F4F49EE51E06F2D83E0C2CFB80117
:100C10006E5E7F4FCE0101960E94E2049E012F5F1F
:100C20003F4F41EF51E06F2D84E0B3CFB8016A5ED2
:100C30007F4FCE0101960E94E2049E012F5F3F4F3D
:100C40004FEF51E06F2D85E0A4CFB801665E7F4F76
:100C5000CE0101960E94E2049E012F5F3F4F44E0C7
:100C600052E06F2D86E095CFF801668D778DCE012D
:100C700001960E9424059E012F5F3F4F49E052E0FC
:100C80006F2D87E086CFF80160A170E0CE0101965C
:100C90000E9424059E012F5F3F4F4DE152E06F2DD2
:100CA00088E077CF2BEC30E345E252E06F2D89E00E
:100CB00070CF0F931F93CF93DF93C82F8B0181E3E6
:100CC00092E09F938F930E9491038CE692E09F9312
:100CD0008F930E94910380EA92E09F938F930E94EA
:100CE00091030F900F900F900F900F900F90D0E006
:100CF000A80160E08D2F0E948805DF5FDA30C1F720
:100D000084ED92E09F938F930E9491038C2F90E04B
:100D100004969F938F938AE093E09F938F930E9412
:100D200091030F900F900F900F900F900F90DF9105
:100D3000CF911F910F9108958C5F94E0411193E042
:100D4000969F602D1124442391F0655E1F926F934E
:100D50001F928F9387EA93E09F938F930E94910352
:100D60000F900F900F900F900F900F900895645E6A
:100D7000EDCFCF93DF93D82FC0E0CD1751F061E0D6
:100D80008FE00E945A3F60E08FE00E945A3FCF5FA1
:100D9000F4CFDF91CF910895CF93DF93D82F61E007
:100DA00082E00E945A3F81E00E94B906CFEFC1B9AC
:100DB00086E382B982E00E94B90611B8C2B982E026
:100DC0000E94B906C1B9D2B982E00E94B90611B831
:100DD000C2B983E00E94B90681E00E94B906C1B998
:100DE00083E282B982E00E94B90611B8C2B983E0F9
:100DF0000E94B90660E082E0DF91CF910C945A3FE7
:100E00001F93CF93DF93182FD92F61E082E00E94C8
:100E10005A3F81E00E94B906CFEFC1B981E282B9A1
:100E200082E00E94B90611B8C2B982E00E94B906F8
:100E3000C1B912B983E00E94B906D2B982E00E941A
:100E4000B90611B8C2B960E082E0DF91CF911F917D
:100E50000C945A3F60E086E10E945A3F86E00E946F
:100E6000B90661E086E10E945A3F82E00C94B9061F
:100E70000E94632708950E94712808950F931F937D
:100E8000CF93DF9300D0CDB7DEB78B01AE014F5FBC
:100E90005F4F60E270E00E94F8299981F801908329
:100EA0000F900F90DF91CF911F910F9108950F93A5
:100EB0001F93CF93DF9300D0CDB7DEB78B01AE0188
:100EC0004F5F5F4F60E270E0009721F470E060E0F8
:100ED00090E080E00E94CA2A9981F80190830F90E7
:100EE0000F90DF91CF911F910F910895B0E0A0E096
:100EF000BC01CD0129E0660F771F881F991F2A9535
:100F0000D1F70E94CE2B08950F931F93CF93DF93B9
:100F1000662309F476C08A01C62FD82F1F926F93DB
:100F200080EB93E09F938F930E9491030F900F901B
:100F30000F900F9088ED93E0C330C1F058F485EC2A
:100F400093E0C13099F08EEC93E0C23079F085E007
:100F500094E00CC08BEE93E0C53041F080EE93E05E
:100F6000C53020F087EF93E0C63089F79F938F93C9
:100F70000E9491030F900F908DE094E09F938F93C8
:100F80000E9491030F900F908DE194E0D230A1F078
:100F900058F482E194E0DD2379F088E194E0D130E7
:100FA00059F085E094E008C082E294E0D33021F06B
:100FB00088E294E0D430A9F79F938F930E94910325
:100FC0000F900F908DE294E09F938F930E94910376
:100FD0000F900F900115110561F01F930F9388E397
:100FE00094E09F938F930E9491030F900F900F9026
:100FF0000F908EE498E09F938F930E9491030F903F
:101000000F90DF91CF911F910F910895CF93C82F2B
:101010001F928F9384E494E09F938F930E94910397
:10102000C05DC093090187E091E00E943B076FE13A
:1010300077E184E297E10E943E070F900F900F90B6
:101040000F9080911F17882371F084E297E19F939E
:101050008F9380E594E09F938F930E9491030F906C
:101060000F900F900F90CF91089566E574E084E3A0
:1010700098E10E9448436FE574E08EE298E10C9499
:1010800048438EE298E10E94D64284E398E10C94B2
:10109000D642CF93DF93EC0168E670E081EE90E3F7
:1010A0000E94063B70E060E081EE90E30E941E0328
:1010B0008A810E947B04682F81EE90E30E948A3A25
:1010C0008B810E947B04682F81EE90E30E948A3A14
:1010D0008C810E947B04682F81EE90E30E948A3A03
:1010E00061E070E081EE90E30E941E038D810E941A
:1010F0007B04682F81EE90E30E948A3A8E810E94E1
:101100007B04682F81EE90E30E948A3A8F810E94CF
:101110007B04682F81EE90E30E948A3A81EE90E38F
:101120000E94813B68E670E081EE90E30E94063BFE
:101130006FE070E081EE90E30E941E0368E070E0D3
:1011400081EE90E30E941E0381EE90E30E94813BBA
:101150001982DF91CF9108958DE891E30E94B13F0C
:10116000892B81F42091581E3091591E80915A1E6E
:1011700090915B1E2817390739F0809149188695A0
:101180008170089581E0089580E008958DE891E3ED
:101190000E94B13F181619062CF48DE891E30E94C5
:1011A000CE3FF4CF8091491881FF08C08091581E2E
:1011B0009091591E90935B1E80935A1E08950E9431
:1011C000C6088BE694E09F938F930E9491030F9043
:1011D0000F908DE891E30E94B13F18161906B4F004
:1011E0002091581E3091591E80915A1E90915B1E7D
:1011F0002817390721F08091491881FD07C0809197
:101200004318882331F30E949E32E3CF0895CF9292
:10121000DF92EF92FF920F931F93CF93DF930E9481
:10122000093E6B017C01D1E0CFEF0E94AC08811137
:10123000B4C08091431881110E949E320E94093EE1
:101240006C197D098E099F09683B7B4081059105DA
:10125000A0F462E08DE00E941E3F8DE00E94883F76
:10126000892B09F0D0E061E08DE00E941E3F6AE02A
:1012700070E080E090E00E94683E0E94093E00918C
:101280000217109103172091041730910517601B66
:10129000710B820B930B6D32714081059105F8F053
:1012A00080E00E94883F61E0892B09F060E080E0E7
:1012B0000E945A3F0E94093E6093021770930317E1
:1012C0008093041790930517CC2349F0809117174A
:1012D000882329F0C15019F480E00E94842D0E94D7
:1012E000093E6C197D098E099F09693B7B40810588
:1012F000910508F49ACFDD2309F497CF88E690E0B2
:101300000E941503893009F490CF60E080E00E94CC
:101310005A3F69E088E690E00E943E0387E994E046
:101320009F938F930E9491030F900F908091431889
:1013300081110E949E320E94093EC0900217D090F7
:101340000317E0900417F09005176C197D098E09BA
:101350009F09653671058105910540F380E00E9483
:10136000883F61E0892B09F060E080E00E945A3FED
:101370008DE00E94883F61E0892B09F060E08DE0FC
:101380000E945A3F0E94093E609302177093031710
:101390008093041790930517C9CF8DE891E30E94BD
:1013A000B13F892B79F08DE891E30E94CE3F282F41
:1013B000822FDF91CF911F910F91FF90EF90DF90DF
:1013C000CF900895809149182FEF81FFF1CF809140
:1013D0005A1E90915B1EFC01EC5BF74E248901962E
:1013E00060E076E00E948A4590935B1E80935A1ECF
:1013F000DFCFEF92FF920F931F93CF93DF93D091A4
:10140000161889EC94E09F938F930E94910384EFC8
:1014100094E09F938F930E9491030F900F900F90F1
:101420000F9081E1E82E85E0F82E03E416E0FF92AC
:10143000EF920E949103809116180E948B0490E015
:1014400080E00E940709C82F0F900F908B3209F59A
:10145000809116188E3018F48F5F809316181F93A2
:101460000F930E9491030F900F90CD3001F7609180
:1014700016186D17B1F089E690E00E943E03809146
:101480001618DF91CF911F910F91FF90EF900C9460
:1014900076038D3221F780911618882301F381504D
:1014A000DCCFDF91CF911F910F91FF90EF900895C6
:1014B0008F929F92AF92BF92CF92DF92EF92FF9264
:1014C000CF93DF938AE195E09F938F930E949103DE
:1014D00084EF94E09F938F930E9491030F900F905D
:1014E0000F900F90C5E3D5E0A0911A18B0E01196C7
:1014F00020E834E84EE150E00E94E3450E94854434
:101500009B01AC0160E876E988E99BE40E94DB433B
:101510004B015C010E944D446B01072E000C880BAF
:10152000990B0E9485449B01AC01C501B4010E9446
:101530006E4320E030E048EC52E40E9411450E94E6
:101540004D447F936F93DF92CF92DF93CF930E94AE
:10155000910390E080E00E9407090F900F900F9098
:101560000F900F900F9060911A188D3239F46930F6
:1015700008F0BACF6F5F60931A18B6CF8B3229F498
:10158000662309F4B1CF6150F6CF8D3009F0ACCFAE
:1015900086E690E0DF91CF91FF90EF90DF90CF90C3
:1015A000BF90AF909F908F900C943E03CF92DF92AC
:1015B000EF92FF92CF93DF93EC0190E080E00E94E6
:1015C00007098D3009F447C0883009F446C08F37C9
:1015D00009F443C090ED980F9A3048F488838AE06C
:1015E000DF91CF91FF90EF90DF90CF900895982FEB
:1015F0009F7D9154963090F38B3149F50E94093EBE
:101600006B017C010E94093E6C197D098E099F09BE
:10161000643671058105910510F088E0E1CF0E94E4
:10162000AC08882379F390E080E00E9407098B35AD
:10163000A1F790E080E00E940709813481F08234B4
:1016400081F0833481F0843481F080E0C9CF833528
:10165000E1F78BE0C5CF87E0C3CF89E0C1CF81E060
:10166000BFCF82E0BDCF84E0BBCF83E0B9CF8F9204
:101670009F92BF92CF92DF92EF92FF920F931F93B0
:10168000CF93DF9300D000D000D01F92CDB7DEB74C
:101690007C01C62EB42E40E060E08B2D0E949C069B
:1016A00000E010E08C2D8150990B6C01CE01079663
:1016B0000E94D60A81508A30A8F4E82FF0E0ED5954
:1016C000F44F0C94C045830B8C0B6D0B7E0B940B6D
:1016D0009D0BDC0B720BC60BA60B112319F01150DE
:1016E000198200E04AEA50E36B2D8B2D0E94880599
:1016F00040E0612F8B2D0E949C06D8CF1C151D0445
:101700008CF71F5FEDCFF701E10FF11D80818F3F57
:1017100049F38F5F8083E6CFF701E10FF11D8081F0
:10172000882301F38150F6CFF701E10FF11D80818D
:10173000863F08F085EF865FEDCFF701E10FF11DE1
:1017400080818A3008F48AE08A50E4CF053010F0B6
:10175000198200E099249394900EE1E0F0E0EC0F00
:10176000FD1FE00FF11D8F818083E1E0F0E0EC0FC1
:10177000FD1FE90DF11D1082CE0101960E94F44873
:10178000F701E10FF11D8083092DACCF4701810ED8
:10179000911C002371F00150E1E0F0E0EC0FFD1F1F
:1017A000E00FF11D1082CE0101960E94F448F40171
:1017B000B1CFF401108296CF27960FB6F894DEBF12
:1017C0000FBECDBFDF91CF911F910F91FF90EF9092
:1017D000DF90CF90BF909F908F900895AF92BF926F
:1017E000DF92EF92FF920F931F93CF93DF9300D07E
:1017F00000D0CDB7DEB77C01D62E198241E060E083
:101800008D2D0E949C0600E010E0CE0104960E94FF
:10181000D60A81508A30A8F4E82FF0E0EE5EF34F4C
:101820000C94C045310C3A0C1C0C2D0C420C4C0C89
:10183000940C210C790C550C112319F011501982BC
:1018400000E04AEA50E36D2D8D2D0E94880541E0AD
:10185000612F8D2D0E949C06D8CF153090F71F5F09
:10186000EECFF701E10FF11D80818F3F51F38F5FC4
:101870008083E7CFF701E10FF11D8081882309F311
:101880008150F6CFF701E10FF11D8081813F10F407
:10189000805FEECF8FEFECCFF701E10FF11D80817C
:1018A000803108F480E18051E3CF023010F01982DA
:1018B00000E0BB24B394B00EE1E0F0E0EC0FFD1FBC
:1018C000E00FF11D8C818083E1E0F0E0EC0FFD1F63
:1018D000EB0DF11D108240E150E070E060E0CE01C0
:1018E00001960E94F147F701E10FF11D60830B2D76
:1018F000A8CF5701A10EB11C002399F00150E1E0DF
:10190000F0E0EC0FFD1FE00FF11D108240E150E010
:1019100070E060E0CE0101960E94F147F50160831E
:1019200090CFF50110828DCF0F900F900F900F90F8
:10193000DF91CF911F910F91FF90EF90DF90BF90BB
:10194000AF900895AF92BF92CF92DF92EF92FF9245
:101950000F931F93CF93DF9300D000D000D0CDB76B
:10196000DEB77C0110E08BE4A82E85E0B82E9FE462
:10197000C92E95E0D92E90E080E00E9407098D30B5
:1019800041F58DEB96E09F938F930E9491030F900A
:101990000F90112361F0E1E0F0E0EC0FFD1FE10F8B
:1019A000F11D1082CE0101960E94F4487C01C7010E
:1019B00026960FB6F894DEBF0FBECDBFDF91CF9154
:1019C0001F910F91FF90EF90DF90CF90BF90AF905D
:1019D0000895883011F08F3751F4112361F21150BE
:1019E000BF92AF920E9491030F900F90C4CF90EDE1
:1019F000980F9A3008F0BFCF153008F0BCCF01E047
:101A0000010FE1E0F0E0EC0FFD1FE10FF11D80831D
:101A1000282F082E000C330B3F938F93DF92CF9229
:101A20000E9491030F900F900F900F90102FA3CF53
:101A3000BF92CF92DF92EF92FF920F931F93CF93BB
:101A4000DF937C01B62EC0E08BE4C82E85E0D82E53
:101A50000FE415E090E080E00E9407098D30D1F49A
:101A60008DEB96E09F938F930E9491030F900F90C0
:101A700080E0CC2329F0CE0DDF2DD11D188281E02E
:101A8000DF91CF911F910F91FF90EF90DF90CF905A
:101A9000BF900895883011F08F3751F4CC23D1F2E4
:101AA000C150DF92CF920E9491030F900F90D2CF3E
:101AB000CB1580F6D1E0DC0FF701EC0FF11D808330
:101AC000282F082E000C330B3F938F931F930F93F7
:101AD0000E9491030F900F900F900F90CD2FBACFCF
:101AE0002F923F924F925F926F927F928F929F922E
:101AF000AF92BF92CF92DF92EF92FF920F931F931C
:101B0000CF93DF93CDB7DEB766970FB6F894DEBFFD
:101B10000FBECDBF0E94FC026AEA70E380E00E9423
:101B20005906512C9FE9692E93E0792E2AE1422E25
:101B300007EA13E03BE0232E46E1342E53E7C52E9F
:101B400055E0D52E6FE4A62E65E0B62E75EE872EF5
:101B500075E0972ECE0146960E94D60A8130A1F4F8
:101B6000FF24FA94511018C089E0F82E4AEA50E395
:101B70006F2D852D0E9488054AEA50E36F2D8F2D29
:101B80000E9488055F2CE6CF823041F489E0F12C79
:101B9000581661F3FF24F394F50CE8CF883079F5FB
:101BA0000E94FC026AEA70E3852D0E94590682E5D4
:101BB00095E09F938F930E94910368EE73E080E01D
:101BC00090E00E94683E0F900F9080E066960FB6FE
:101BD000F894DEBF0FBECDBFDF91CF911F910F9163
:101BE000FF90EF90DF90CF90BF90AF909F908F903D
:101BF0007F906F905F904F903F902F9008958B3023
:101C000009F053C01F923F92DF92CF920E9491033E
:101C10000F900F900F900F90F12C90E080E00E94B9
:101C20000709F11028C0893759F5F394282F082E99
:101C3000000C330B3F938F93BF92AF920E9491039E
:101C40000F900F900F900F9083E0F812E6CF8AE28A
:101C50008093E0300E944E031F9288E18F9380EAC8
:101C600095E09F938F930E9491030F900F900F9098
:101C70000F9081E0ABCF91E0F91214C08536A9F244
:101C8000852D90E004969F938F931F923F929F9291
:101C90008F920E9491030F900F900F900F900F90D2
:101CA0000F9058CF833709F2EBCF873009F052CF2E
:101CB000E52CF12CEFEFE50DE93070F4F0E0ED5993
:101CC000F14F0C94C045850E8C0E910E960E9B0E16
:101CD000A00EA50EBE0ECF0E60E08AEA90E30E9431
:101CE000EE0B4AEA50E3652D852D0E94880594E0AD
:101CF000E90EF11CFF92EF927F926F920E94910386
:101D00000F900F900F900F9025CF41E064E080EB93
:101D100090E30E94370BE5CF42E064E084EB90E370
:101D2000F8CF43E064E088EB90E3F3CF44E064E075
:101D30008CEB90E3EECF45E064E080EC90E3E9CFFC
:101D400046E064E084EC90E3E4CF1F924F921F9250
:101D50002F921F930F930E9491038091C83090910E
:101D6000C9300E94A20C9093C9308093C8300F9064
:101D70000F900F900F900F900F90B3CF1F924F9234
:101D80001F929CE09F931F930F930E949103809159
:101D9000CA3090E00E94A20C8093CA30E8CF6BEC6E
:101DA00070E3CE0101960E942F491F924F921F921D
:101DB0008DE08F931F930F930E94910364E1CE01F6
:101DC00001960E94180D0F900F900F900F900F909A
:101DD0000F90882309F485CFBE016F5F7F4F8BEC96
:101DE00090E30E942F497DCFDF92EF92FF920F93F5
:101DF0001F93CF93DF93C091F217CC2309F44BC00C
:101E0000D42FC72FD62E8C0164E570E081EE90E3CD
:101E10000E94063B612F70E081EE90E30E94170361
:101E2000B801772781EE90E30E94170360E081EE0E
:101E300090E30E94083B4D2F64E581EE90E30E9401
:101E40007E3BED2CFC2EC0E081EE90E30E942A3A0E
:101E5000892B59F0DC1749F081EE90E30E94313A6A
:101E6000F70181937F01CF5FEFCF1F930F931F92F5
:101E7000CF9387E296E09F938F938DE891E39F93B2
:101E80008F930E943C428DB79EB708960FB6F89488
:101E90009EBF0FBE8DBF8C2FDF91CF911F910F91F1
:101EA000FF90EF90DF9008951F93CF93DF93EC01A5
:101EB00068E670E081EE90E30E94063B70E060E02F
:101EC00081EE90E30E941E0381EE90E30E94813B2D
:101ED00042E168E681EE90E30E947E3B81EE90E372
:101EE0000E94313A8F770E9482048A8381EE90E3C8
:101EF0000E94313A0E9482048B8381EE90E30E941B
:101F0000313A8F730E9482048C8381EE90E30E94A9
:101F1000313A81EE90E30E94313A0E9482048D832F
:101F200081EE90E30E94313A0E9482048E8381EE1A
:101F300090E30E94313A0E9482048F831AE081EE7E
:101F400090E30E94313A1150D1F781EE90E30E9464
:101F5000313A8887DF91CF911F9108952F923F9258
:101F60004F925F926F927F928F929F92AF92BF92A9
:101F7000CF92DF92EF92FF920F931F93CF93DF9355
:101F800083EF97E10E94540F85E496E09F938F932F
:101F90000E94910384EF94E09F938F930E9491039A
:101FA0000F900F900F900F90C0E086E3482E83E1D2
:101FB000582E94E7892E96E0992E25E9222E26E0C8
:101FC000322E0BE816E031EAE32E36E0F32E41E63E
:101FD000C42E46E0D42E5AE6A52E56E0B52E63E474
:101FE000662E66E0762E5F924F920E9491030F90CC
:101FF0000F90C23009F472C008F051C0CC2309F42C
:102000005BC0C13009F463C090E080E00E94070922
:10201000D82F8B3209F4F4C08D3209F415C18D30FC
:1020200099F77F926F920E9491030F900F90DD308D
:10203000D1F6CF5FC630B8F283EF97E10E9449082E
:102040008DEA96E09F938F930E94910380EC96E037
:102050009F938F930E94910383EF97E10E94A504C1
:102060008EE498E09F938F930E9491030F900F90BE
:102070000F900F900F900F90DF91CF911F910F91C4
:10208000FF90EF90DF90CF90BF90AF909F908F9098
:102090007F906F905F904F903F902F900895C43045
:1020A00059F118F1C53009F0AFCFFF92EF920E94BD
:1020B00091038091F51706C0DF92CF920E949103A1
:1020C0008091FA170E948B040F900F909DCFBF92C2
:1020D000AF920E9491038091F917F4CF9F928F9253
:1020E0000E9491038091F817EDCF1F930F930E94E8
:1020F00091038091F717E6CF3F922F920E949103B0
:102100008091F617DFCF8091FA178F5F843618F42D
:102110008093FA1786CF1092FA1783CFC093F917DE
:1021200080CF8091F8178F5F8093F817E091F917AF
:10213000E23091F490E02091FA17237051F42DE1F0
:1021400030E0281739070CF06CCF81E08093F81746
:1021500068CF2CE130E0F5CFF0E0ED5BF04F9081FF
:10216000981798F35ECF8091F7178F5F883118F436
:102170008093F71756CF1092F71753CF8091F61729
:102180008F5F8C3318F48093F6174BCF1092F617AD
:1021900048CF1092F51745CF8091FA17811102C0F0
:1021A00083E6B6CF8150B4CF81503AC0E091F917A1
:1021B0008091F817E23049F4813071F49091FA1768
:1021C000937009F080E0845EC1CF813029F4F0E0A3
:1021D000ED5BF04F8081BACF8150B8CF8091F71777
:1021E000813011F487E1C4CF8150C2CF8091F617BE
:1021F000813011F48BE3C7CF8150C5CF815021C00E
:10220000C23009F48ECF78F4CC2309F47CCFC130EE
:1022100009F007CF8091F9178F5F8D3008F07ECFDE
:102220008093F917FECEC43009F4A8CF08F49BCFF1
:10223000C53009F0F6CE8091F5178F5F8C3308F02A
:10224000A8CF8093F517EDCEC23009F4AFCF68F474
:10225000CC2309F4A1CFC13009F0E3CE8091F91766
:10226000813009F0A1CF8CE0DBCFC43009F4BECFC0
:1022700008F4B4CFC53009F0D4CE8091F517813081
:1022800009F0BCCF8BE3DDCF2F923F924F925F924C
:102290006F927F928F929F92AF92BF92CF92DF9276
:1022A000EF92FF920F931F93CF93DF9300D000D054
:1022B000CDB7DEB7898310921E1810921D1884E6E0
:1022C000809314188FEF8093151880932B18109219
:1022D0002718109226181092221810922118109286
:1022E00018181092171810921318109212181092B2
:1022F000111881E08093101810920F1810920E1888
:102300001092191710920B1880930D1860E086E157
:102310000E945A3F61E081E00E945A3F8091B000E4
:102320008F738093B00060E08FE00E945A3F61E0BD
:102330008FE00E941E3F0E942A0789E690E00E94DB
:1023400015038F3008F095C28093161880911618E7
:102350000E94760362E08DE00E941E3F8DE00E94A5
:10236000883F8C0161E08DE00E941E3F61E08DE0BE
:102370000E945A3F8AE690E00E9415038A838230C9
:1023800008F01A8285E690E00E941503823008F07A
:1023900072C2809321172A81222309F46FC284E636
:1023A00090E00E94150380932518012B09F06AC262
:1023B0008DED96E09F938F930E9491030F900F9065
:1023C0008AE38B8391E399835BE0852E57E0952E1A
:1023D00061E2262E68E0362E72E5A72E78E0B72E51
:1023E0000DEB16E09F928F9223E137E03F932F93FE
:1023F0002BE137E03F932F9323E237E03F932F9376
:102400000E94910384E08F931F9227E537E03F936A
:102410002F930E949103A0911A18B0E0119620E822
:1024200034E84EE150E00E94E3450E9485449B0160
:10243000AC0160E876E988E99BE40E94DB432B016C
:102440003C010E944D446B01072E000C880B990B38
:102450000E9485449B01AC01C301B2010E946E43FE
:1024600020E030E048EC52E40E9411450E944D44C7
:102470007F936F93DF92CF9229E837E03F932F93BA
:102480000E9491030FB6F894DEBF0FBECDBF8091BE
:10249000F317882351F18DEA97E09F938F930E9461
:1024A000910383EF97E10E94A5042091FB17822FEF
:1024B000022E000C990B9F932F938CEC97E09F9327
:1024C0008F930E9491030F900F900F900F900F9099
:1024D0000F908091F417882341F086ED97E09F9349
:1024E0008F930E9491030F900F908091281888235A
:1024F00041F089E098E09F938F930E9491030F90A1
:102500000F908091F217882331F03F922F920E9412
:1025100091030F900F90809143188823C9F0809108
:10252000B3301F928F938091B2301F928F9380911E
:10253000B1301F928F938091B0301F928F93BF92D2
:10254000AF920E9491030FB6F894DEBF0FBECDBFCD
:1025500087E898E09F938F930E9491030F900F90CC
:1025600080912117882309F414C28EE998E09F9383
:102570008F930E9491030F900F9085EA98E09F93AC
:102580008F930E9491030F900F909A81992309F4E1
:1025900003C28EE998E09F938F930E9491030F905E
:1025A0000F908DEC98E09F938F930E9491030F9072
:1025B0000F908091F217882341F08FEE98E09F935F
:1025C0008F930E9491030F900F908091FF178F932C
:1025D0008091FE178F938091FD178F938091FC1748
:1025E0008F9388EF98E09F938F930E9491030F90B1
:1025F0000F900F900F900F900F908091FC1790917B
:10260000FD17A091FE17B091FF17892B8A2B8B2BFA
:1026100009F0C5C11F930F930E9491030F900F9073
:102620000E94C6081F930F930E9491038091251862
:102630000F900F90853080F490E001969F938F93D8
:1026400081E299E09F938F930E9491030F900F90E6
:102650000F900F9030E3398382E499E09F938F933A
:102660000E9491038EE499E09F938F930E949103BF
:102670008AE599E09F938F930E94910380911A17A6
:102680000E9406088BE699E09F938F930E94910326
:102690008CE799E09F938F930E94910388E899E0DB
:1026A0009F938F930E94910385EA99E09F938F9364
:1026B0000E9491030FB6F894DEBF0FBECDBF80918C
:1026C0002117811190C18EE998E09F938F930E940A
:1026D00091030F900F908EE498E09F938F930E9448
:1026E000910388E690E00E94150394E0899FF00131
:1026F0001124E45EF04F83818F9382818F938181D7
:102700008F9380818F9384EC99E09F938F930E94A5
:102710009103809116181F928F9387EE99E09F93F3
:102720008F930E9491030FB6F894DEBF0FBECDBF0A
:1027300080911618833069F01F9283E08F9387E0B1
:102740009AE09F938F930E9491030F900F900F90A8
:102750000F901F930F930E94910381E29AE09F9341
:102760008F930E9491030F900F900F900F903A81DA
:1027700080E49AE0332311F084E49AE09F938F93EE
:102780000E9491030F900F901F930F930E9491034B
:102790000F900F908091F317882351F089E49AE00D
:1027A0009F938F930E9491030F900F908BE38B83E5
:1027B00080914318882351F081E69AE09F938F938C
:1027C0000E9491030F900F909CE39B838FE79AE008
:1027D0009F938F930E9491030F900F9081E090E060
:1027E0000E94070981360CF001C180931C1880916A
:1027F0001C1881341CF0875080931C1880911C1881
:10280000298182170CF4F4C03B8138173CF3809186
:102810001717882319F080E00E94842D20911C183E
:102820002D3081F0822F022E000C990B9F932F9355
:1028300085E99AE09F938F930E9491030F900F90E8
:102840000F900F90E0911C18E353EA3008F021C17B
:102850000E2E000CFF0BE15DFB4E0C94C045FC14EA
:1028600049154915601563156D15CA15CD15D51592
:10287000D81583E069CD109221178DCD8FEF80930D
:10288000251896CD853008F093CD3981313009F483
:102890008FCD80912518823049F5809116188823B4
:1028A00089F01F928F938AEF9AE09F938F930E94F3
:1028B00091031092161880E00E9476030F900F90FB
:1028C0000F900F9083E29BE09F938F930E94910360
:1028D00080911A170E9406088DEB96E09F938F93C4
:1028E0000E9491030F900F900F900F9061E080E095
:1028F0000E945A3F80912518823009F496C108F051
:1029000066C1882309F47AC1813009F485C160E089
:1029100080E00E945A3F80911F1890912018892BC7
:1029200079F090E080E00E94000783EC0E94CC06E2
:1029300080911F180E94CC06809120180E94CC061E
:1029400080911F18909120180E94000780912518EF
:10295000843008F0A1C284E497E10E9463278823B1
:1029600009F4ADC184E497E10E94632780932017A6
:10297000882309F4A4C150E040E06091201780E072
:102980000E9484070E94DF0884E497E10E943807D0
:10299000E9CF81EA98E0EBCD81EA98E0FCCD809127
:1029A00000181F928F93809101181F928F9380912E
:1029B00002181F928F93809105181F928F93809118
:1029C00004181F928F93809103181F928F938EEF9C
:1029D00098E09F938F930E9491030FB6F894DEBF07
:1029E0000FBECDBF1DCE81EA98E06FCE8052FDCEE6
:1029F0008D3009F0F3CE0BCF0E94720480911A172C
:102A0000815080931B1826E0622E3EE9E32E3AE0C7
:102A1000F32E43EAC42E4AE0D42E80911B188F5F18
:102A2000662D0E947E4590931B18FF92EF920E94A4
:102A3000910380911B180E940608DF92CF920E949A
:102A400091030E94C60890E080E00E940709782E5A
:102A50000F900F900F900F908DE0781619F09BE17A
:102A60007912DBCF8BEB96E09F938F930E949103BB
:102A70000F900F902DE0721209C060911B186093A7
:102A80001A1787E690E00E943E0303C08DE0809312
:102A90001C1860911C1866330CF0A4CC6D3009F43E
:102AA000A1CC6153609325188A81882309F4F1CE63
:102AB00084E690E0653008F085C00E943E03E9CED0
:102AC0000E94580AE6CF61E080912117811160E0F1
:102AD0006093211785E690E0D6CF0E94720488E6C5
:102AE00090E00E941503815080931B188AE0D82E35
:102AF00096EBE92E9AE0F92E80911B188F5F6D2DD1
:102B00000E947E4590931B1834E0939FF00111249E
:102B1000E45EF04F83818F9382818F9381818F93C5
:102B200080818F93FF92EF920E9491030E94C608CA
:102B300090E080E00E940709C82E0F900F900F9040
:102B40000F900F900F908DE0C81619F09BE1C912FD
:102B5000D3CF8BEB96E09F938F930E9491030F90BE
:102B60000F902DE0C21295CF88E690E00E941503E9
:102B700060911B18861709F48CCF88E690E00E94BC
:102B80003E0382EC9AE09F938F930E9491030F90F3
:102B90000F907FCF0E94F9097CCF81E03A813827DE
:102BA0003A83632F8AE690E06ECF0E94AE0F71CF1A
:102BB0000E94700D882309F46CCF0E949E320E94FF
:102BC0006B3167CF0E9415038093251862CE833046
:102BD00009F472C0843009F09ACEEDEAF0E08591F4
:102BE000949190932418809323188AE692E090930E
:102BF00022188093211880E19DEF48C081E39BE07B
:102C000090932317809322171092201810921F1868
:102C100081E080931E187BCE8DE39BE09093231779
:102C20008093221780E091E031C080911A178230A2
:102C300091F170F4882311F1813009F068CE83E5B9
:102C40009BE0909323178093221780E890E01EC0AA
:102C5000843079F118F1853009F059CE8DE79BE089
:102C600090932317809322171092201810921F1808
:102C700081E080931E1810921D1849CE89E49BE0D4
:102C8000909323178093221780EE91ED9093201854
:102C900080931F183CCE8EE59BE0C0CF89E69BE079
:102CA00090932317809322171092201810921F18C8
:102CB0002ECE85E79BE0F4CF87E89BE0F1CF8091B3
:102CC0002217909123170E94712880932017882340
:102CD00041F140912217509123176091201781E014
:102CE0000E9484070E94DF08809122179091231789
:102CF0000E94712880932017833081F084E497E14B
:102D00000E94380784E497E10E94380780912217D7
:102D1000909123170E94712880932017809120178B
:102D2000D6CF809123178F93809122178F9384E9B8
:102D30009BE09F938F930E9491030E949E320F907D
:102D40000F900F900F906FE177E184E297E10E947E
:102D50003E078093201710921B18E0911B1880915A
:102D60001F17E81760F4F0E0EC5DF84E80810E94D8
:102D7000CC0680911B188F5F80931B18EECF60915B
:102D80002017803281F46623F1F24091221750918E
:102D9000231782E00E9484070E94DF0890E080E011
:102DA0000E94760702C06111F0CF80912017811137
:102DB000CACF83ED9BE09F938F930E94910360E0C5
:102DC00086E10E945A3F8091B6008F7D8093B600C5
:102DD0008091B10081608093B1008091B100897FC2
:102DE0008093B1008091B00082608093B0008091A8
:102DF000B0008E7F8093B0008091B000806480939B
:102E0000B0008091B0008F778093B00080911A1845
:102E10008093B30061E08FE00E941E3F8BED9BE04A
:102E20009F938F930E9491030E949E320E94C60836
:102E3000109280008BE08093810084E39CE090936B
:102E400089008093880082E086BB61E070E080E0CA
:102E500090E00E94683E61E086E10E945A3F109235
:102E60000D180F900F900F900F900F900F900F90E4
:102E70000F90DF91CF911F910F91FF90EF90DF9016
:102E8000CF90BF90AF909F908F907F906F905F900A
:102E90004F903F902F90089586EB9BE09F938F93E8
:102EA0000E9491030F900F901C821B828091211829
:102EB000909122182B813C812817390708F079CF8F
:102EC000E0912318F0912418E20FF31F84910E94DF
:102ED000CC068B819C8101969C838B83E7CFCF931B
:102EE000DF93EC01188268E670E081EE90E30E94C7
:102EF000063B81EE90E30E94813B811136C081E068
:102F0000888368E670E081EE90E30E94063B6FE004
:102F100070E081EE90E30E941E0381EE90E30E9438
:102F2000813B41E068E681EE90E30E947E3B81EECA
:102F300090E30E94313A8078898368E670E081EE00
:102F400090E30E94063B6EE070E081EE90E30E9409
:102F50001E0370E060E081EE90E30E941E0381EEAC
:102F600090E3DF91CF910C94813BDF91CF91089555
:102F7000AF92BF92CF92DF92EF92FF920F931F9387
:102F8000CF93DF93CDB7DEB766970FB6F894DEBF69
:102F90000FBECDBF61E086E10E941E3F60E086E18A
:102FA0000E945A3F61E080E00E941E3F61E080E0A5
:102FB0000E945A3F11B88FEF82B961E08BE00E9406
:102FC0005A3F61E08BE00E941E3F60E085E00E9476
:102FD0005A3F61E085E00E941E3F61E087E00E9469
:102FE0001E3F60E086E00E941E3F62E081E00E949A
:102FF0001E3F61E081E00E941E3F61E081E00E948F
:103000005A3F61E082E00E941E3F61E082E00E9440
:103010005A3F62E083E00E941E3F61E08EE00E9422
:103020005A3F61E08EE00E941E3F62E085E10E940F
:103030001E3F62E084E10E941E3F62E083E10E9445
:103040001E3F62E082E10E941E3F61E08FE00E942D
:103050001E3F61E087E10E941E3F62E08AE00E941D
:103060001E3F60E082E00E945A3F86E690E00E94A8
:1030700015038F3F09F46FC180931A1880911A18B5
:103080008A3018F089E080931A1887E690E00E9451
:10309000150380931A17863038F060E087E690E0D9
:1030A0000E943E0310921A1788E690E00E941503D2
:1030B00024E0829FF0011124E45EF04FF080E18073
:1030C000D280C38026E04F2D5E2D6D2D7C2D8DE8A6
:1030D00091E30E94A14064EF71E080E090E00E94E3
:1030E000683E81EE90E30E94E63A40E85AE166E0ED
:1030F00070E081EE90E30E94F83A64E570E081EEC2
:1031000090E30E94063B81EE90E30E94813B811197
:1031100003C081E08093F2178091F217882309F4AD
:103120001CC14AE06CEF77E190E080E00E94F40E71
:103130008091FC179091FD17A091FE17B091FF1799
:103140008F3F9F4FAF4FBF4F41F41092FC1710922B
:10315000FD171092FE171092FF1788E690E00E946C
:1031600015038A3028F069E088E690E00E943E036B
:103170000E94192D80931717882309F495C00E9487
:10318000E82D80E59FE00E94FD2C8BE097E09F9367
:103190008F938BE197E09F938F938CEF9BE09F93AE
:1031A0008F938E010F5F1F4F1F930F930E943E4915
:1031B000A80160E080E00E947F2ECF92DF92EF9224
:1031C000FF9287E09CE09F938F931F930F930E9441
:1031D0003E49A80161E080E00E947F2E8091FF17A8
:1031E0008F938091FE178F938091FD178F9380911D
:1031F000FC178F9385E19CE09F938F931F930F9310
:103200000E943E49A80163E080E00E947F2E0FB635
:10321000F894DEBF0FBECDBF8091FC179091FD17D3
:10322000A091FE17B091FF17892B8A2B8B2B51F1A0
:10323000809100181F928F93809101181F928F9395
:10324000809102181F928F93809105181F928F937F
:10325000809104181F928F93809103181F928F936F
:1032600083E29CE09F938F931F930F930E943E49AC
:10327000A80164E080E00E947F2E0FB6F894DEBFC4
:103280000FBECDBF43E45CE066E080E00E947F2E8D
:103290004FE554E067E080E00E947F2E46E554E071
:1032A00067E080E50E947F2E60E270E081EE90E3AF
:1032B0000E94063B81EE90E30E94813B811119C080
:1032C00081E08093281860E270E081EE90E30E9434
:1032D000063B6CE070E081EE90E30E941E0365E027
:1032E00070E081EE90E30E941E0381EE90E30E9465
:1032F000813B84E497E10E94380784E497E10E94CF
:1033000038070E943B3180914318882321F00E94A6
:10331000ED030E946B3183EF97E10E946F1780915C
:10332000F317882321F083EF97E10E94540F80E088
:103330000E94441166960FB6F894DEBF0FBECDBF53
:10334000DF91CF911F910F91FF90EF90DF90CF9081
:10335000BF90AF90089581E08FCE8CEFA82E87E1CB
:10336000B82E10E000E0C8010E94514CF501819395
:103370005F010F5F1F4F0A301105A9F7D9CEEF92F9
:10338000FF920F931F93CF93DF93F090F217FF20DC
:10339000D1F1142F7B01EC0164E570E081EE90E344
:1033A0000E94063B6D2F70E081EE90E30E941703B0
:1033B000BE01772781EE90E30E941703412F50E072
:1033C000B70181EE90E30E94B93A8C01F82E61E0DA
:1033D00081EE90E30E94083BDF93CF9311271F9368
:1033E0000F9389E49CE09F938F938DE891E39F93E3
:1033F0008F930E943C428DB79EB708960FB6F89403
:103400009EBF0FBE8DBF8F2DDF91CF911F910F916A
:10341000FF90EF900895EF92FF920F931F93CF9339
:10342000DF9300D0CDB7DEB781E01B9B02C00C94C8
:103430004A2380930718339915C696B194709093D8
:103440002D1820B120932C1880912B18992309F462
:1034500032C18F3FA9F090912A189F93909129181B
:103460009F931F928F931F922F938AE69CE09F93C6
:103470008F930E9491030FB6F894DEBF0FBECDBFAD
:1034800080912C1880932B1810922A1810922918CA
:103490005E98289A4A99FECF28985E9AB19B86C07A
:1034A00082E086BB809112188F5F809312189091F2
:1034B0004318992319F091E0909319178A3008F472
:1034C0005EC010921218809111188F5F80931118AE
:1034D0000BB155985D9A18B13F98479A82E090E0F9
:1034E0000E94A13E89B185FB882780F991E0892758
:1034F00080930C1805FD02C00C944E235D9A559ADA
:10350000379905C080910C18826080930C1817FDC4
:1035100002C00C94512347983F9A80910C1888233D
:1035200019F080E80E94842D80910E18813011F0EE
:103530000C9454230E94441110920E18809111187B
:103540008A30E8F0109211180E94A42D80910B1877
:103550008823A9F090910618992311F40C947323F1
:1035600090910718992311F40C9473231092081862
:103570008F7780930918109207181092061880917F
:103580001D18882399F080911318865F8093131873
:1035900090911418891750F01092131881E08093BD
:1035A0001718809118188260809318180E94AC0830
:1035B000882389F080911E18813069F49091101849
:1035C000992349F08093171880911818816080938F
:1035D00018181092101880911718882379F080918C
:1035E0002B188D3059F08091151890911618981756
:1035F00011F08F3F19F4299810921718809117171E
:10360000882381F0809113179091141782309105CF
:1036100011F40C94F42310F00C94E323019711F4AB
:103620000C94F023109214171092131780914318E2
:103630008823C1F180E00E94943910E000E08823E3
:1036400081F080915C2490915D249A5F20915E24AA
:1036500030915F24821B930B60E076E00E948A45E4
:103660008C0181E00E949439882389F080918F3009
:10367000909190309A5F2091913030919230821BDE
:10368000930B60E076E00E948A45080F191F809135
:103690001917811103C00536110520F01092191772
:1036A0000E949E320F900F90DF91CF911F910F914A
:1036B000FF90EF9008958E3408F0C6C4E82FF0E034
:1036C000EC59F44E0C94C045B21BD01B2420E01BD7
:1036D000FE1B0E1C1C1C2A1C381C461C641C911C46
:1036E000A51CFF1C181D211D271D2B1DBA1D2420E4
:1036F00024202420242024202420242024202420AA
:103700002420242024202420242024202420242099
:103710002420242024202420242024202420242089
:103720002420242024202420242024202420242079
:103730002420242024202420242024202420242069
:103740002420242024202420FD1D041E3C1E4A1E6B
:103750006E1E061F101F24202420341F5D1F841F8F
:10376000D81FF81F60E020FF61E08DE00E945A3F03
:1037700080912B188A3009F48BCE8C3009F488CED6
:103780009FEB980F923008F483CE843409F480CEF6
:103790008954853008F47CCE8FEF80932B1878CE37
:1037A000622F8DE891E30E94544080914318882352
:1037B000F9F28091491860912C1881FFD9CF2CC360
:1037C0002093071780912818882309F445C260E2E6
:1037D00070E081EE90E30E94063B62E170E081EED2
:1037E00090E30E941E0360912C1881EE90E30E94EA
:1037F0008A3A81EE90E30E94813BBACF209306176C
:1038000080912818882309F427C260E270E081EED5
:1038100090E30E94063B63E170E0E1CF80912818BD
:10382000882309F419C260E270E081EE90E30E94FF
:10383000063B70E060E0D3CF80912818882309F41C
:103840000BC260E270E081EE90E30E94063B61E013
:1038500070E0C5CF80912818882309F4FDC160E28B
:1038600070E081EE90E30E94063B6CE070E0B7CF21
:1038700080912818882309F4EFC160E270E081EE9E
:1038800090E30E94063B6DE070E0A9CF80E1243612
:10389000C0F480911A17805D80931401822F6AE032
:1038A0000E947E4590E3980F90931601205D36EFBD
:1038B000839F200D11242093170182E191E00E9443
:1038C00071288093060154CF8091291890912A186D
:1038D000422F50E0009751F450931E1740931D174C
:1038E000019690932A188093291842CF20911D1792
:1038F000342F30931E1720931D1740911C1721154C
:10390000324040F4403248F4109206012FEF2093E9
:103910002B18E6CF21E1403208F022E12093060186
:10392000F5CF20931C1780911D1790911E178115BC
:10393000924028F4203238F41092060119CF81E128
:10394000203208F4BECF82E1BCCF8091291890913B
:103950002A18892BD1F480911D1790911E1781157B
:10396000A2E09A0790F420911C17203270F4309155
:10397000060131110AC055E0880F991F5A95E1F7E9
:10398000822B0E94760780930601809106018111A7
:1039900031C0809129188F71E82FF0E0EC5DF84E6E
:1039A00090912C1890838F3129F56BE177E184E2B7
:1039B00097E10E9457078093060180911B17803280
:1039C00018F483E1809306018091291890912A18B8
:1039D0008F3F914078F080910601811108C06BE122
:1039E00077E190E080E00E945707809306018FEF17
:1039F00080932B188091291890912A1871CF2F301D
:103A000050F45C9A80912C18809316185C988FEF74
:103A100080932B18ADCE1F922F9385EB9CE09F9344
:103A20008F930E9491030F900F900F900F90EFCF04
:103A3000822F817080931E182695217020931D1867
:103A400097CE222309F408C12093141891CE217037
:103A500020930F188DCE80912818882309F4FCC07C
:103A600081E080932718211180E08093261860E27E
:103A700070E081EE90E30E94063B62E170E081EE2F
:103A800090E30E941E0360912618660F656070E047
:103A900081EE90E30E941E0381EE90E30E94813B41
:103AA00060E270E081EE90E30E94063B70E060E02F
:103AB00081EE90E30E941E0368EF70E081EE90E3D8
:103AC0000E941E0381EE90E30E94813B60E270E061
:103AD00081EE90E30E94063B61E070E081EE90E3AE
:103AE0000E941E0370E060E081EE90E30E941E03DE
:103AF00081EE90E30E94813B60E270E081EE90E312
:103B00000E94063B6CE070E081EE90E30E941E0391
:103B10006FEF70E081EE90E30E941E0381EE90E370
:103B20000E94813B10912618110F60E270E081EE37
:103B300090E30E94063B62E170E081EE90E30E9418
:103B40001E03612F616081EE90E30E948A3A81EE4C
:103B500090E30E94813B60E270E081EE90E30E947E
:103B6000063B62E170E081EE90E30E941E03612F4C
:103B700065603BCE80912718882309F46DC060E210
:103B800070E081EE90E30E94063B63E170E081EE1D
:103B900090E30E941E0360912C1881EE90E30E9436
:103BA0008A3A81EE90E30E94813B10912618110F12
:103BB00060E270E081EE90E30E94063B62E170E01B
:103BC00081EE90E30E941E03612F6C6F81EE90E303
:103BD0000E948A3A81EE90E30E94813B60E270E0AD
:103BE00081EE90E30E94063B62E170E081EE90E39B
:103BF0000E941E03612F6D6FF8CD81EF820F803F11
:103C000058F120931518B4CD8091291890912A1855
:103C10008A30910508F5FC01E85FF84E2083019693
:103C200090932A188093291883309105C1F48091CC
:103C30000817811111C08091091780931617809180
:103C40000A178093151782E090E0909314178093E1
:103C500013178FEF80932B1880912B1891CD813003
:103C6000910509F0CFC5209108172130A9F790934D
:103C7000141780931317CBCE222349F020931217E9
:103C800083E090E0909314178093131771CD82E036
:103C900090E0EDCF223078F4209318171F922F93E5
:103CA0008EEC9CE09F938F930E9491030F900F9056
:103CB0000F900F905DCD1F922F9385EE9CE09F9308
:103CC0008F938DE891E39F938F930E943C420F90D6
:103CD0000F900F900F900F900F904ACD8091181772
:103CE000482F50E0823008F085C020FF17C083E3E2
:103CF0009CE0489FF001499FF00D589FF00D112462
:103D0000EC5BF74E8681882349F0168288E09DE0BF
:103D10009F938F930E9491030F900F90809118179B
:103D200003E31CE0809FF001819FF00D1124EC5B08
:103D3000F74E958120912C184091291850912A18FE
:103D4000452BE9F4922B95831F928F931F929F939B
:103D50001F922F938DE29DE09F938F930E9491037A
:103D60008091291890912A18019690932A1880938F
:103D700029180FB6F894DEBF0FBECDBFF9CC322F95
:103D800030959323958323FF17C00E9494398111A6
:103D900013C020911817209FC001219F900D11245E
:103DA0008C5B974EFC01E65EF34F885E934FDC011F
:103DB0008D919C9191838083809118171F928F938E
:103DC00023E33CE0829FF001839FF00D1124EC5B24
:103DD000F74E85811F928F9380912C181F928F939D
:103DE00087E69DE09F938F930E9491038FEF8093CE
:103DF0002B18BFCF1F928F9381EA9DE09F938F93E3
:103E00000E9491038FEF80932B1850CF809143181D
:103E1000882309F421CF622F80E00E94BE39A8CC0C
:103E200080914318882309F417CF622F81E00E9404
:103E3000BE3980917C2481FF9BCC80912C181F92ED
:103E40008F938FE495E09F938F938DE891E39F93F9
:103E50008F930E943C42809149180F900F900F90D1
:103E60000F900F900F90A7CC8091071740912918C1
:103E700050912A18452B31F4282B2093071781E005
:103E800090E02FCD20958223809307178FEF8093AA
:103E90002B1880912818882309F4DECE60E270E0A8
:103EA00081EE90E30E94063B62E170E081EE90E3D8
:103EB0000E941E036091071798CC809106174091CD
:103EC000291850912A18452B21F4282B20930617E6
:103ED000D6CF20958223809306178FEF80932B18DF
:103EE00080912818882309F4B7CE60E270E081EE53
:103EF00090E30E94063B63E170E081EE90E30E9454
:103F00001E036091061771CC8091291890912A1890
:103F1000892B29F420930A1810920B18B0CF909196
:103F20000A18822F8095891332C080930B188F77DF
:103F3000809309181092081810920718109206180A
:103F4000FAE08F9FC00111249F938F9386EC9DE030
:103F50009F938F930E9491030F900F900F900F905B
:103F600080910918882381F080910B1887FF09C080
:103F700082EE9DE09F938F930E9491030F900F908C
:103F800046CD8FEF9DE0F6CF83E19EE0F3CF1F9209
:103F90002F931F929F9380E29EE09F938F930E94A6
:103FA00091030F900F900F900F900F900F902FCDC7
:103FB0008091291890912A18009731F430E03093BD
:103FC000F1172093F0178CCC8130910551F440917A
:103FD000F0175091F117522B5093F1174093F017AF
:103FE0007FCC213818F42093EF1790CC20E8FBCF3A
:103FF0008091291890912A188038910520F4FC01AD
:10400000E259F84E2083019690932A18809329183C
:104010004091EF174817190609F01ECE6EE677E1BA
:104020008091F0179091F1170E94BF198093EE17BD
:104030002091F0173091F117820F932F911D9093DB
:10404000F1178093F017E3CC1F928F931F922F9359
:1040500084E49EE09F938F930E9491038FEF80935F
:104060002B1835CE34990FC386B1847080932D18E8
:1040700010922C18882309F44EC08FEF80932C18CF
:104080008DE891E30E94B13F181619060CF58DE8F2
:1040900091E30E94CE3F80932C181092191861E092
:1040A00081E00E945A3F809118188E7F80931818E3
:1040B00081E0809310188FEF81B980912C1882B91C
:1040C0005E98289A4A99FECF11B88FEF82B9E4C959
:1040D00080915A1E90915B1E2091581E3091591E5E
:1040E00028173907A1F02091491821FF10C0FC01C1
:1040F000EC5BF74E248920932C18019660E076E063
:104100000E948A4590935B1E80935A1EC6CF81E021
:1041100080931918C4CF80912B18893809F429C2CB
:1041200008F04DC0843809F487C1D0F5813809F40E
:104130004FC198F4803809F448C11F928F9388ECDE
:104140009EE09F938F938DE891E39F938F930E94BE
:104150003C428FEF80932B1831C2823809F45EC144
:10416000833859F70E94AC0850E0811154E09091D7
:10417000F317892F90E0880F991F609121172091E4
:10418000191848E0211101C040E020910F1870E19A
:10419000279F90011124822B862B852B842B78C09E
:1041A000863809F492C108F48DC1873809F4DCC15E
:1041B000883819F68DE891E30E94E83F69C0833C96
:1041C00009F415C208F077C0803C09F4D9C158F54C
:1041D0008A3809F0B2CF80912718882309F467C084
:1041E00060E270E081EE90E30E94063B62E170E0E5
:1041F00081EE90E30E941E0381EE90E30E94813BDA
:1042000060E270E081EE90E30E94063B41E060E2F4
:1042100081EE90E30E947E3B81EE90E30E94313A72
:10422000887F816035C0813C09F4DEC1823C09F0A1
:1042300084CF11E020918B2A30918C2A80918D2A95
:1042400090918E2A2817390709F410E081E00E9426
:104250009439880F812B90912C18892B880F880F07
:1042600080932C1811E02091581E3091591E809196
:104270005A1E90915B1E2817390709F410E080E060
:104280000E949439880F982F912B80912C18892B9C
:1042900080932C1880912B18982F9D7F943809F4C7
:1042A0000ACF873C09F407CF893C09F404CF8FEF8C
:1042B00080932B1800CF873C09F4BCC108F040C0A4
:1042C000843C09F03ACF8FEF80932C1880918D2A8F
:1042D00090918E2A20918B2A30918C2A28173907A9
:1042E00031F3FC01E557FB4D208120932C180196FA
:1042F00060E076E00E948A4590938E2A80938D2A12
:1043000080917C2481FFD3CF1F922F938FE495E07F
:104310009F938F938DE891E39F938F930E943C42EC
:10432000809149180F900F900F900F900F900F9061
:1043300081FFB0CF60912C1880E00E94BE39AACFD7
:10434000883C09F49DC1893C09F0F7CE8091291879
:1043500090912A18892B99F48091EF17813818F0E1
:1043600080E88093EF174091EF176EE677E1809138
:10437000F0179091F1170E94F40E8093EE17809140
:10438000291890912A188038910530F4FC01E259DF
:10439000F84E208120932C18019690932A18809330
:1043A00029182091EF172817190609F073CF80916B
:1043B000EE172091F0173091F117820F932F911D76
:1043C0009093F1178093F01779C080910C1860CF0B
:1043D00080912818882309F46ACF60E270E081EEAA
:1043E00090E30E94063B62E170E081EE90E30E9460
:1043F0001E0381EE90E30E94813B60E270E081EE5B
:1044000090E30E94063B41E060E281EE90E30E946F
:104410007E3B81EE90E30E94313A3ACF809128189A
:10442000882309F444CF60E270E081EE90E30E94BB
:10443000063B63E170E0D9CF8091F3178823F1F157
:104440008091291890912A18892B21F483EF97E104
:104450000E94540F8091291890912A188730910555
:1044600008F018CF2091F81783309105E9F068F42F
:104470002091F61781309105B9F02091F71782301D
:10448000910591F02091F5170FC02091FA17853012
:10449000910551F02091F9178530910528F0209170
:1044A000FB178630910571F720932C180196909395
:1044B0002A1880932918079709F0ECCE8FEF809384
:1044C0002B18E8CE80910601E3CE809129189091B7
:1044D0002A18892BD1F480911D1790911E178115F0
:1044E000A2E09A0790F420911C17203270F43091CA
:1044F000060131110AC035E0880F991F3A95E1F79E
:10450000822B0E947607809306018091060181111B
:104510001EC0109129181F7199F46FE177E184E2B0
:1045200097E10E943E078093060180911F17803219
:1045300018F483E18093060180910601811107C080
:10454000E12FF0E0EC5DF84E808180932C18809193
:10455000291890912A188F3FB1E09B0708F484C076
:104560002FEF20932B1880C084E497E10E946327EB
:104570008FCE8091181880932C18109218188ACE1C
:1045800080911817482F50E08230F8F423E33CE084
:10459000429FF001439FF00D529FF00D1124EC5B00
:1045A000F74E958190932C181F928F931F929F9393
:1045B00082E89EE09F938F930E9491030F900F904B
:1045C0000F900F900F900F9065CE1F928F9383EAFC
:1045D0009EE09F938F938DE891E39F938F930E942A
:1045E0003C4210922C18EACF8091161851CE8FEFD2
:1045F00080932C1880915A1E90915B1E2091581E1A
:104600003091591E2817390709F451CE20914918C5
:1046100021FD4DCEFC01EC5BF74E248920932C1834
:10462000019660E076E00E948A4590935B1E80933D
:104630005A1E30CE8091291890912A18209118176F
:1046400030E043E35CE0249FF001259FF00D349FB0
:10465000F00D11248430910568F4E80FF91FE05A39
:10466000FB4D208120932C18019690932A1880935B
:10467000291810CEEC59FB4D208120932C1870CFB7
:104680008091EE1705CE299A5E98289A4A99FECF16
:104690000C944C1A809306180C944E1A5D980C9446
:1046A0007F1A479A0C948C1A823061F40E94D703C7
:1046B0008FEF9EE09F938F930E9491030F900F9036
:1046C0000C949C1A833031F481E080931D188BE0A8
:1046D0009FE0F0CF843011F00C949C1A10921D18BA
:1046E00083E19FE0E7CF809108188F5F8A3020F444
:1046F000809308180C94BF1A10920818809109181A
:1047000081508093091881110C94BF1A8091FC1775
:104710009091FD17A091FE17B091FF170196A11D72
:10472000B11D8093FC179093FD17A093FE17B093D3
:10473000FF1783EF97E10E94540F8091F517809344
:1047400000188091F617809301188091F7178093D5
:1047500002188091F817809303188091F9178093BD
:1047600004188091FA17809305188091F217882316
:1047700091F04AE06CEF77E190E080E00E94BF1991
:1047800080910B1887FF1CC080E00E94441110929A
:104790000B180C94BF1A8CEFE82E87E1F82E10E06E
:1047A00000E01A830983F70161917F01CE01019630
:1047B0000E9425030F5F1F4F0A30110591F7E0CFCC
:1047C0000E94D703E4CF83309105B1F0049711F034
:1047D0000C94121B809112170E94842D0C94121BB2
:1047E0000E94E82D0C94121B6091151780911617EA
:1047F0000E94712D0C94121B809112170E941D2E85
:104800000C94121B029711F00C94481A809108170F
:10481000823009F021CA84E090E0909314178093CD
:1048200013178091091780931217F1C88EBD0DB42C
:1048300007FEFDCF08958FEF0E9416248EB50895D0
:10484000FF920F931F93CF93DF93C82FD42F152F71
:10485000062FF72E80913C1881113FC083E58CBD57
:104860001DBCC7FF09C040E050E0BA0187E70E94C5
:104870002024823060F5CF7761E084E00E945A3FC7
:104880000E941B2460E084E00E945A3F0E941B2487
:104890008C2F0E9416248F2D0E941624802F0E9498
:1048A0001624812F0E9416248D2F0E94162485E93C
:1048B000C03421F087E8C83409F081E00E94162452
:1048C000CAE00E941B2487FF02C0C150D1F7DF91CC
:1048D000CF911F910F91FF90089580E58CBD81E0ED
:1048E0008DBDBFCF0F931F93CF93DF93C0913A1825
:1048F000D0913B182197CD3F8FEFD80721F080E072
:104900000E941624F7CF0E941B248F71853079F006
:10491000D1E0C0E061E084E00E945A3F0E941B2485
:104920008D2F9C2FDF91CF911F910F91089508E853
:1049300013E1C4EFD1E00E941B248F3F49F0011521
:10494000110531F3CE010197F1F701501109F3CFB1
:10495000D1E0C0E0012BF1F2D0E0DCCFAF92BF920A
:10496000CF92DF92EF92FF920F931F93CF93DF933B
:1049700000D000D0CDB7DEB780913C18882339F045
:1049800084E00E94883F892B11F40E94722461E028
:1049900084E00E945A3F61E084E00E941E3F61E093
:1049A00085E00E941E3F61E087E00E941E3F61E0BB
:1049B00084E00E941E3F83E58CBD1DBC61E084E065
:1049C0000E945A3F1AE00E941B241150E1F740E078
:1049D00050E0BA0180E40E942024182F8130D9F0E1
:1049E00010E010933C1861E084E00E945A3F0E945E
:1049F0001B2481E0111180E00F900F900F900F9019
:104A0000DF91CF911F910F91FF90EF90DF90CF90AA
:104A1000BF90AF9008954AEA51E060E070E088E40A
:104A20000E942024813079F5CE0101967C016E012F
:104A300095E0C90ED11C87010E941B24F8018193C7
:104A40008F01CE16DF06C1F78B81813049F68C814C
:104A50008A3A31F620E1C22E27E2D22E34EFA32E7D
:104A6000BB24B39440E050E060E070E489EE0E9423
:104A70002024882359F1C5010197F1F7F1E0CF1AFD
:104A8000D10881F7ADCF40E050E0BA0189EE0E9435
:104A9000202401E4823010F412E009EE80E1E82ED7
:104AA00087E2F82E94EFC92EDD24D39440E050E045
:104AB000BA01802F0E9420248823F1F0C6010197BB
:104AC000F1F7F1E0EF1AF10889F78ACF40E050E002
:104AD000BA018AE70E942024811182CF0E941B2400
:104AE000F70181937F010E171F07C1F789811CE031
:104AF00086FD77CF14E075CF40E052E060E070E0D3
:104B000080E50E942024882309F46BCF69CFCF92DF
:104B1000DF92EF92FF920F931F93CF93DF937C016D
:104B2000690180913C1883FD07C089E0440F551F3F
:104B3000661F771F8A95D1F781E50E942024811195
:104B400008C0C0E4DCE90E941B248F3F29F42197B0
:104B5000D1F7C1E0D0E022C08E3FD9F7C2E0D2E069
:104B6000C01BD10BCC19DD0981E0C81AD10818F09F
:104B70000E941B24F9CFE114F10401F10E0D1F1D59
:104B80000E941B24F70181937F010E171F07C1F7B5
:104B90000E941B242197E1F7D0E0C0E061E084E0AF
:104BA0000E945A3F0E941B24CE01DF91CF911F919A
:104BB0000F91FF90EF90DF90CF9008950E941B24FB
:104BC00001501109D9F7E4CFEF92FF920F931F9391
:104BD000CF93DF930097C9F0EA018C012097B1F1E0
:104BE000E0903A18F0903B18E114F10479F1F801E3
:104BF00081918F010E941624F1E0EF1AF108F092E2
:104C00003B18E0923A182197E9CF4115510561050B
:104C1000710529F180913C1883FD07C089E0440F9C
:104C2000551F661F771F8A95D1F788E50E942024BB
:104C300081111DC08FEF0E9416248EEF0E94162452
:104C400080E092E090933B1880933A1890E080E0E7
:104C5000DF91CF911F910F91FF90EF900895DF9119
:104C6000CF911F910F91FF90EF900C94722481E0EF
:104C700090E0EECF0F931F93E0913D18F0913E1816
:104C80009B01AC012250310941095109868197816C
:104C9000A085B1850297A109B109281739074A07EC
:104CA0005B0778F4A281B0E00E94D845028913899D
:104CB00024893589600F711F821F931F1F910F91E7
:104CC000089560E070E0CB01F9CF0F931F93CF936D
:104CD000DF93EC01E0913D18F0913E1819821882A3
:104CE0006C817D818E819F81613071058105910587
:104CF00081F1068117812085318560177107820750
:104D0000930738F5611571058105910539F4208106
:104D1000233021F466857785808991896887798732
:104D20008A879B87611571058105910569F00E944D
:104D30003A266C877D878E879F8790E080E0DF91A1
:104D4000CF911F910F91089566857785808991890C
:104D5000F0CF81E090E0F3CF0F931F93CF93DF93D9
:104D600000D000D0CDB7DEB7623071058105910566
:104D700028F461E070E080E090E055C0E0913D18DB
:104D8000F0913E18068117812085318560177107E3
:104D90008207930770F7AB01BC018081823031F14B
:104DA000833039F79A012F773327220F331F220FD1
:104DB000331F97E076956795579547959A95D1F764
:104DC00082859385A485B585480F591F6A1F7B1F6F
:104DD00004E010E0CE0101960E948725892B49F658
:104DE00069817A818B819C819F701DC09A013327D4
:104DF000220F331F452F562F672F772782859385E4
:104E0000A485B585480F591F6A1F7B1F02E010E07B
:104E1000CE0101960E948725892B09F0AACF6981CE
:104E20007A8190E080E00F900F900F900F90DF91CB
:104E3000CF911F910F910895CF92DF92EF92FF9241
:104E40000F931F93CF93DF93EC016A017B0102E084
:104E500010E02EEF31E00E948725892B31F5888103
:104E6000998185359A4A59F526E330E0B701A601C4
:104E7000CE010E948725892B29F488819981863467
:104E8000914489F002E010E022E530E0B701A6018C
:104E9000CE010E948725892BA1F481E028813981E8
:104EA0002634314419F480E001C083E0DF91CF91D2
:104EB0001F910F91FF90EF90DF90CF90089582E0C7
:104EC000F5CF81E0F3CF2F923F924F925F926F9296
:104ED0007F928F929F92AF92BF92CF92DF92EF928A
:104EE000FF920F931F93CF93DF93CDB7DEB7A497B5
:104EF0000FB6F894DEBF0FBECDBF1C0110923E1856
:104F000010923D180E94AE2480FDC3C040E050E0E6
:104F1000BA01CE0101960E941C27412C512C32016E
:104F20008130C1F500E110E02EEB31E040E050E0CF
:104F3000BA01CE0101960E948725892BD9F081E024
:104F400090E0A4960FB6F894DEBF0FBECDBFDF9100
:104F5000CF911F910F91FF90EF90DF90CF90BF9076
:104F6000AF909F908F907F906F905F904F903F9009
:104F70002F9008958D81811103C086E090E0E1CFEC
:104F800049845A846B847C84B301A201CE010196CA
:104F90000E941C27833099F28111EFCF04E210E0C8
:104FA0002DE030E0B301A201CE0101960E948725D9
:104FB000892B29F62A853B8550E040E021153105F3
:104FC0004105510521F4288D398D4A8D5B8DAC81C9
:104FD000B0E00E94D8454B015C014A815B8170E0E2
:104FE00060E0440E551E661E771EF1014286538610
:104FF0006486758629812283CD80DE80D582C48235
:105000008F819885B0E0A0E00097A105B10521F45B
:105010008C899D89AE89BF8934E0D694C7943A952E
:10502000E1F7F12CE12C841B950BA60BB70BBC010F
:10503000CD01681979098A099B096C197D098E09C6
:105040009F0930E050E040E00E949E45DA01C9012E
:105050000296A11DB11DF10186839783A087B187B8
:10506000265F3F40410951092F3F3F4E4105510501
:1050700098F0873F9F4FA105B10598F47ECF82E05D
:10508000F1018083D301C201880D991DAA1DBB1DAA
:105090000FC082E090E055CF873F9F4FA105B1053B
:1050A00070F383E0F101808388A199A1AAA1BBA13B
:1050B00086879787A08BB18BC40CD51CE61CF71C88
:1050C000C80CD91CEA1CFB1CF101C28AD38AE48AF1
:1050D000F58A118230923E1820923D1890E080E0CF
:1050E00030CF4F925F926F927F928F929F92BF923A
:1050F000CF92DF92EF92FF920F931F93CF93DF93A4
:10510000CDB7DEB7EC970FB6F894DEBF0FBECDBFBC
:10511000C0903D18D0903E18C114D10409F40DC1BF
:10512000F60111829E012F5C3F4F3CA32BA39C01F3
:105130007901F90180812F5F3F4F8032C9F38F32AF
:1051400009F479011DA21EA21FA218A6F7018081F1
:10515000A0E2BA2E803208F0DDC0CE0181960E9416
:1051600065261982009709F410C1EC960FB6F894E1
:10517000DEBF0FBECDBFDF91CF911F910F91FF908A
:10518000EF90DF90CF90BF909F908F907F906F9027
:105190005F904F90089520E0E0E088E0D8C0E30EF3
:1051A000F11C81E0913208F080E01B968C93CE01D7
:1051B00081960E9465260097C1F629A13AA12F7019
:1051C0003327F5E0220F331FFA95E1F74DA55EA5D1
:1051D0006FA578A900E210E0CE0101960E94872514
:1051E000892B19F081E090E0C0CF8981811103C043
:1051F00083E090E0BACF8C8583FD13C00BA11CA186
:105200009E012F5F3F4FD801B801655F7F4F6A173E
:105210007B0709F4B5C0F90141919F019D914917A0
:10522000B1F309A11AA10F5F1F4F11F38DA59EA520
:10523000AFA5B8A90097A105B105D1F298012F70CB
:105240003327232BD9F480903D1890903E18019677
:10525000A11DB11D8DA79EA7AFA7B8AB69A57AA563
:105260008BA59CA5F401611571058105910549F493
:10527000848195810817190708F0BACF1AA309A3EA
:105280009CCF2281E22FE150FF0BAF019801E4E0B7
:1052900036952795EA95E1F724233523232B71F7DB
:1052A0000E94AC26623071058105910508F49ACF01
:1052B000F401468057806084718464157505860505
:1052C000970508F095CF69A77AA78BA79CA70E949E
:1052D0003A266DA77EA78FA798ABD0CF84FF88CF43
:1052E000E0913D18F0913E1880818330F1F48D8972
:1052F0009E89B0E0A0E0DC01992788274B8D5C8D6A
:1053000070E060E0842B952BA62BB72B8DA39EA37A
:10531000AFA3B8A7ABA1BCA1FD01CD010B968E1721
:105320009F0709F438CFB192FACF80E090E0DC011A
:10533000E5CF80E090E0DC013DC085E090E015CF56
:10534000883009F02CCF9BE0282FE32F892F31E004
:105350003E0FEE0DFF2DF11D9081913208F41FCF0D
:105360009F3209F41CCF9E3259F3281708F017CF4B
:10537000FD01E20FF11D9083982F81E0820FE4CFB1
:10538000F8019385992309F4A9CF8981882309F429
:105390002FCF8C8584FD2CCFE0913D18F0913E18E5
:1053A0008081833031F68D899E89B0E0A0E0DC01F8
:1053B000992788274B8D5C8D70E060E0842B952BBE
:1053C000A62BB72BF601868F978FA0A3B1A38D8D47
:1053D0009E8DAF8DB8A1828F938FA48FB58F168AC3
:1053E000178A108E118E81E0818390E080E0BDCE1F
:1053F0004F925F926F927F928F929F92AF92BF92E5
:10540000CF92DF92EF92FF920F931F93CF93DF9390
:105410004C017B013A01C0913D18D0913E18FA0130
:105420001182108285E090E0209709F44BC08981B9
:1054300080FFAAC08A8D9B8DAC8DBD8D4E895F8902
:10544000688D798D841B950BA60BB70BA70170E0B7
:1054500060E084179507A607B70708F47C0154019C
:10546000412C32E0532EE114F10409F490C08E89EE
:105470009F89A88DB98DAC01BD0151706627772732
:10548000452B462B472B09F04CC0DA80DA94AC014F
:10549000BD0129E076956795579547952A95D1F7EF
:1054A000D42261F5892B8A2B8B2BE9F46E8D7F8DAD
:1054B00088A199A16230710581059105D8F41982FE
:1054C00081E090E0DF91CF911F910F91FF90EF90DD
:1054D000DF90CF90BF90AF909F908F907F906F9014
:1054E0005F904F9008956AA17BA18CA19DA10E941D
:1054F000AC26E0CF6AA37BA38CA39DA36AA17BA16A
:105500008CA19DA10E943A26611571058105910526
:10551000B1F26D0D711D811D911D6EA37FA388A732
:1055200099A72E893F893170C201821B930B6701B5
:105530008E159F0508F46C014EA15FA168A579A5A1
:10554000C5018114910411F480E090E086010E946D
:105550008725892B09F0B3CF8E899F89A88DB98DB6
:105560008C0D9D1DA11DB11D8E8B9F8BA88FB98F9A
:10557000AC0CBD1CEC18FD08F30180819181C80EB4
:10558000D91ED182C0826FCF84E090E09BCF90E0A3
:1055900080E098CF4F925F926F927F928F929F920E
:1055A000AF92BF92CF92DF92EF92FF920F931F9331
:1055B000CF93DF936C018B015A01C0913D18D091BC
:1055C0003E18FA011182108285E090E02097A1F048
:1055D000898180FFE0C08074672B29F58823E9F07A
:1055E00040E050E0BA0190E080E00E94E425892B81
:1055F000A1F0198281E090E0DF91CF911F910F918E
:10560000FF90EF90DF90CF90BF90AF909F908F90E2
:105610007F906F905F904F90089589818F7B8983F1
:1056200090E080E0E9CF81110AC08E899F89A88D22
:10563000B98D88279E7F8E8B9F8BA88FB98F8A8D7F
:105640009B8DAC8DBD8D4E895F89688D798D841B56
:10565000950BA60BB70BA80170E060E084179507C7
:10566000A607B70708F48C01812C32E0932E0115B0
:105670001105B1F28E899F89A88DB98D9C01317079
:10568000232B09F040C0FA80FA94AC01BD0129E057
:1056900076956795579547952A95D1F7F42299F411
:1056A000892B8A2B8B2B09F06FC06E8D7F8D88A183
:1056B00099A1623071058105910508F49ACF6AA31A
:1056C0007BA38CA39DA36AA17BA18CA19DA10E9419
:1056D0003A26611571058105910509F48ACFAB0160
:1056E000BC014F0D511D611D711D4EA35FA368A725
:1056F00079A790E080E00E94E425892B09F079CF1A
:105700008981806489838E899F8991709401281B87
:10571000390B78012017310708F479012701712C22
:10572000612CB301A701C6010E94E425892B09F071
:1057300060CF8E899F89A88DB98D840D951DA61D7A
:10574000B71D8E8B9F8BA88FB98FCE0CDF1C0E19C7
:105750001F09F50120813181E20EF31EF182E08202
:105760002C01F1E05F22452809F081CF40E050E0B4
:10577000BA0190E080E00E94E425892B09F039CF3E
:1057800089818F7B898373CF6AA17BA18CA19DA125
:105790000E94AC268ECF84E090E02ECF4F925F9295
:1057A0006F927F928F929F92AF92BF92CF92DF9231
:1057B000EF92FF92CF93DF9300D000D000D0CDB70F
:1057C000DEB720913D1830913E183E832D83211580
:1057D000310509F40CC1D90111962C91119720FFC4
:1057E00009C15A96CD90DD90ED90FC905D976C15B7
:1057F0007D058E059F0510F46B017C01ED81FE8116
:1058000046885788608C718C168A178A108E118E84
:10581000C114D104E104F10409F4E6C08280912CA2
:10582000B12CA12C39E0880C991CAA1CBB1C3A9500
:10583000D1F7411451046104710409F470C0B1E05E
:105840004B1A510861087108C701B601615071090E
:1058500081099109A50194010E949E4529833A83FB
:105860004B835C83C301B201A50194010E949E4554
:1058700089819A81AB81BC8182179307A407B50700
:1058800008F44DC088279927DC0188199909AA09CD
:10589000BB0984219521A621B721ED81FE81868B4C
:1058A000978BA08FB18FC81AD90AEA0AFB0A62A1A6
:1058B00073A184A195A18C149D04AE04BF0408F0CB
:1058C00058C00E94AC26623071058105910568F0D0
:1058D000AD81BE8116964D905D906D907C9019972C
:1058E000641575058605970540F1ED81FE811182ED
:1058F00081E090E026960FB6F894DEBF0FBECDBFD4
:10590000DF91CF91FF90EF90DF90CF90BF90AF905D
:105910009F908F907F906F905F904F900895AD8192
:10592000BE815E966D917D918D919C919197FD01C7
:1059300062A373A384A395A3BECFAD81BE819296CB
:105940006D937D938D939C93959756964D905D9016
:105950006D907C905997480C591C6A1C7B1CFD016A
:10596000468A578A608E718EC818D908EA08FB08E3
:10597000A2CFAD81BE8156968D909D90AD90BC908A
:105980005997C80CD91CEA1CFB1CFD01C68AD78A92
:10599000E08EF18E0E943A26AB01BC014115510503
:1059A0006105710529F4AD81BE8111961C92A0CFCD
:1059B000ED81FE8182818150990B092E000CAA0B8A
:1059C000BB0B29E0F694E794D794C7942A95D1F7B6
:1059D0008C219D21AE21BF21480F591F6A1F7B1FBB
:1059E00046A357A360A771A790E080E083CF85E02E
:1059F00090E080CF84E090E07DCF90934218809338
:105A000041180895CF93C82F6CE370E081EE90E3C6
:105A10000E94063B60E081EE90E30E948A3A6C2F80
:105A200081EE90E30E948A3A81EE90E3CF910C944C
:105A3000813B6CE370E081EE90E30E94063B81EED7
:105A400090E30E94813B81114AC080E88093401816
:105A50008EEA0E94022D85ED0E94022D80E80E94B0
:105A6000022D88EA0E94022D8FE30E94022D83ED11
:105A70000E94022D80E00E94022D80E40E94022DEF
:105A800081EA0E94022D88EC0E94022D8AED0E947C
:105A9000022D82E10E94022D81E80E94022D80E801
:105AA0000E94022D89ED0E94022D82E20E94022DA9
:105AB0008BED0E94022D85E30E94022D84EA0E9454
:105AC000022D86EA0E94022D8DEA0E94022D8BE8AB
:105AD0000E94022D8FEA0E94022D81E0089580E04D
:105AE0000895CF93C2E0C80F862F8F70806B0E94FD
:105AF000022D8C2F8F700E94022D8C2F82958F701B
:105B00008061CF910C94022DCF93909140189817FB
:105B1000C9F0C82F8FEA992319F0C11103C08EEA8A
:105B20000E94022DC093401881E80E94022D8091AE
:105B300040180E94022D80914018882319F08FEFA1
:105B400080933F18CF91089580913F188823A9F042
:105B5000815080933F18811110C08091401882308D
:105B600038F081E00E94842D8FEF80933F180895D4
:105B70008EEA0E94022D109240180895FF920F9312
:105B80001F93CF93DF93F82E192F062F6CE370E04D
:105B900081EE90E30E94063B60E481EE90E30E9478
:105BA0008A3ACF2DD12F0C0F1D2F111D0C171D0759
:105BB00031F0699181EE90E30E948A3AF7CF81EE4D
:105BC00090E3DF91CF911F910F91FF900C94813B57
:105BD000EF92FF920F931F93CF93DF93CDB7DEB772
:105BE00060970FB6F894DEBF0FBECDBFFE013196B1
:105BF000CE014196FE2EEF2E11928E179F07E1F7F0
:105C000010E0612F80E00E94712D08E060E18F2D8F
:105C10009E2D0E94BE2D0150C9F71F5F183089F7D5
:105C200060960FB6F894DEBF0FBECDBFDF91CF9167
:105C30001F910F91FF90EF900895CF93DF93C82F9E
:105C40008091411890914218892B09F455C0809198
:105C5000401887FD03C080E80E94842D8FEF809359
:105C60003F184C2F0C2E000C550BE0914118F09171
:105C70004218848190E0481759070CF12581280FBC
:105C8000392F311D42175307D4F460814181562FBB
:105C9000493008F0550F2C2FCC0F330B281B390B34
:105CA000529FE001539FD00D1124493050F482815E
:105CB00093818C0F9D1FDF91CF910C94BE2DC0E27C
:105CC000E4CF60E080E00E94712DE0914118F091F6
:105CD00042188281938160818C0F9D1F0E94BE2D8E
:105CE00061E080E00E94712DE0914118F09142182E
:105CF0006081C60FD11DDBCFDF91CF9108950F9347
:105D00001F93CF93DF938A010E94712DE80189913F
:105D1000882319F00E941D2EFACFDF91CF911F9199
:105D20000F9108958EBD0DB407FEFDCF8EB5089579
:105D30001F93CF93DF93182FD62FC42F5B98892FF3
:105D40000E94922E812F0E94922E8D2F84600E949D
:105D5000922E8C2F0E94922E5B9ADF91CF911F91F1
:105D60000895CF93DF93D82FC62F5B98892F0E9479
:105D7000922E8D2F0E94922E8C2F0E94922E80E0C8
:105D80000E94922E5B9ADF91CF9108951F93CF933B
:105D9000DF938295880F807E18E0180FD0E0C0E076
:105DA000612F81E090E00E94B12E882331F021968E
:105DB000C03187E2D807A1F781E0DF91CF911F9131
:105DC0000895EF92FF920F931F93CF93DF93D82FF5
:105DD000C62F7A0189015B98892F0E94922E8D2F00
:105DE0000E94922E8C2F84600E94922EE7010E0D4D
:105DF0001F1DC017D10721F089910E94922EF9CF63
:105E00005B9ADF91CF911F910F91FF90EF900895D2
:105E10000F931F93CF93DF93082F162FEA015B9800
:105E200080E00E94922E802F0E94922E812F84600B
:105E30000E94922E8D2F0E94922E8C2F0E94922EC5
:105E40005B9ADF91CF911F910F910895CF93DF93CC
:105E5000D82FC62F5B9880E00E94922E8D2F0E9433
:105E6000922E8C2F0E94922E80E00E94922EC82F9C
:105E7000D0E0DC2FCC2780E00E94922E5B9A9E011E
:105E8000282BC901DF91CF910895CF93DF93EC01C7
:105E9000FC01EA5EF94FDC01AC5EB94F8D919C913B
:105EA0009183808368816295660F607E685F40E1C0
:105EB00081E090E00E94982E88810E94C62E688121
:105EC0008823A1F01F926F9386E991E19F938F93AE
:105ED0008DE891E39F938F930E943C420F900F9027
:105EE0000F900F900F900F908FEF47C06295660F45
:105EF000607E685F41E090E080E00E94982E4981DA
:105F00005A8168816295660F607E685F84E090E0E8
:105F10000E94082F68816295660F607E685F41E08D
:105F200081E090E00E94982E88810E94C62E6881B0
:105F3000882329F01F926F938BEB91E1C7CF629575
:105F4000660F607E685F83E090E00E94B12E6881FA
:105F50008331B1F01F926F938FED91E19F938F93F7
:105F60008DE891E39F938F930E943C420F900F9096
:105F70000F900F900F900F908EEFDF91CF910895BB
:105F80006295660F607E685F4CE08FE290E00E9451
:105F9000982E68816295660F607E685F42E081E0BE
:105FA00090E00E94982E88810E94C62E68818823E6
:105FB00029F01F926F9386E092E188CF6295660F79
:105FC000607E685F83E090E00E94B12E8431A9F08A
:105FD00088811F928F938CE292E19F938F938DE83B
:105FE00091E39F938F930E943C420F900F900F90EC
:105FF0000F900F900F908DEFC0CF80E0BECFCF926B
:10600000DF92EF92FF920F931F93CF93DF93EC01F8
:106010007B016A0168816295660F607E685F80E23D
:1060200090E00E94262F8C01C816D90608F486013C
:106030000115110509F448C00E94093E6C877D874F
:106040008E879F8768816295660F607E685F84E2B5
:1060500090E00E94262F6C0168816295660F607E39
:10606000605F9801A7019F700E94E12EA601400F7A
:10607000511F68816295660F607E685F84E290E0E0
:106080000E94082F68816295660F607E685F40E21B
:1060900081E090E00E94982E88810E94C62E88237D
:1060A00099F088811F928F9385E592E19F938F935A
:1060B0008DE891E39F938F930E943C420F900F9045
:1060C0000F900F900F900F90DF91CF911F910F9134
:1060D000FF90EF90DF90CF900895FF920F931F9362
:1060E000CF93DF93EC01F62E68816295660F607E98
:1060F000685F80E290E00E94262F892BA1F10E9428
:10610000093E6C877D878E879F8768816295660FC1
:10611000607E685F84E290E00E94262F8C01688197
:106120006295660F607E605F4F2D9F700E94982E73
:10613000A8014F5F5F4F68816295660F607E685F60
:1061400084E290E00E94082F68816295660F607E6D
:10615000685F40E281E090E0DF91CF911F910F9165
:10616000FF900C94982EDF91CF911F910F91FF908B
:106170000895CF92DF92EF92FF920F931F93CF93E8
:10618000DF93EC0188811F928F9389E792E19F93BF
:106190008F930DE811E31F930F930E943C42688197
:1061A0006295660F607E685F48E081E090E00E9443
:1061B000982E88810E94C62E0F900F900F900F90FE
:1061C0000F900F908823E1F188811F928F938BE9C4
:1061D00092E19F938F931F930F930E943C420F90E5
:1061E0000F900F900F900F900F9068816295660F3F
:1061F000607E685F40E181E090E00E94982E888197
:106200000E94C62E882399F088811F928F9384EC78
:1062100092E19F938F938DE891E39F938F930E94D8
:106220003C420F900F900F900F900F900F90DF91C6
:10623000CF911F910F91FF90EF90DF90CF90089535
:106240000E94093E6B017C0168816295660F607E49
:10625000685F83E090E00E94B12E882331F20E94B3
:10626000093E6C197D098E099F09693E73408105BD
:10627000910550F3BACFCF93DF931092431880E586
:106280008CBDC1E0CDBD40E860E090E080E00E94C0
:10629000982E64E670E080E090E00E94683E60E046
:1062A00089E390E00E94B12ED82F843079F066EF18
:1062B00074E08DE891E30E94E34140E150E06D2FEE
:1062C0008DE891E3DF91CF910C94C442C0934318C1
:1062D000DF91CF910895CF92DF92EF92FF92CF930B
:1062E000DF93C0914318CC2309F421C110924418C4
:1062F0008CEF98E0909346188093451810924718B9
:10630000109248181092491810924A1810924B187F
:1063100010924C18D1E0D0934D1810924E18109254
:106320004F180E94093E6093501870935118809343
:1063300052189093531880E09CE7A2E9B0E0809354
:10634000541890935518A0935618B093571810925C
:106350005B1E10925A1E1092591E1092581E1092D7
:106360005F2410925E2410925D2410925C2410929F
:106370006424D09377248DEF98E0909379248093D0
:10638000782410927A2410927B2410927C2410920C
:106390007D2410927E2410927F24D093802410922A
:1063A0008124109282240E94093E6093832470937A
:1063B0008424809385249093862480E09FE9A4E23E
:1063C000B0E08093872490938824A0938924B0938D
:1063D0008A2410928E2A10928D2A10928C2A109262
:1063E0008B2A10929230109291301092903010922D
:1063F0008F30109297306AE473E08DE891E30E9449
:10640000134284E498E10E94B93087E794E20E9445
:10641000B93040E860E090E080E00E94982E0E9451
:10642000093E6B017C010E94093E6C197D098E09B1
:106430009F09643F71408105910508F076C060E0D6
:1064400090E080E00E94B12E87FDEDCF64E170E026
:1064500080E090E00E94683E60E373E0CC2311F09E
:1064600069E173E08DE891E30E941342C093431801
:10647000CC2309F45CC026E030E04AEA50E360E057
:1064800089E090E00E94E12E24E030E040EB50E310
:1064900060E08FE090E00E94E12E24E030E044EBE9
:1064A00050E360E085E090E00E94E12E24E030E0DF
:1064B00048EB50E360E081E090E00E94E12E4091E3
:1064C000C8305091C93060E089E190E00E94082F07
:1064D0004091CA3060E08BE190E00E94982E44E049
:1064E00068E08EE190E00E94982E44E068E08FE141
:1064F00090E00E94982E44E068E28EE190E00E94D5
:10650000982E44E068E28FE190E00E94982E84E4A7
:1065100098E10E94452F87E794E2DF91CF91FF90A9
:10652000EF90DF90CF900C94452FC0E08FCFDF919C
:10653000CF91FF90EF90DF90CF9008952F923F92F0
:106540004F925F926F927F928F929F92AF92BF9283
:10655000CF92DF92EF92FF920F931F93CF93DF932F
:10656000CDB7DEB7CB58D1090FB6F894DEBF0FBE5A
:10657000CDBF20914318C857DF4F2883C858D0405B
:10658000222309F457C185B193B1892384FF52C1F5
:1065900004E418E13CE5E32E34E2F32E312C212C07
:1065A000D80113968C91873109F05BC0F7012081E7
:1065B0003181828193812817390709F452C023E37E
:1065C0003CE0229EC001239E900D329E900D11242E
:1065D000AC014C5B574E6A01D701AD90BC9011974E
:1065E00012968D919C91A816B906D9F120E0F70179
:1065F00082819381E22FF0E0A816B90651F127FDC0
:1066000028C0D601A80FB91FA85EB94F3C910196CA
:1066100060E076E00E948A45D70113969C938E93A2
:10662000129781E0820F41E050E04C0F5D1FE40FB4
:10663000F51F30833F3F59F4D80118969C91992358
:1066400031F0FA01E80FF11D308382E0820F282F2C
:10665000CECFAF01BE016F5F7F4FC8010E94FF2FF9
:10666000BBCFF80160816295660F607E685F83E052
:1066700090E00E94B12E982ED80113968C91B7E12C
:106680009B1231C6873109F48DC0F801D080D294B5
:10669000DD0C90EED922F8E0DF0E5B9880E00E94DE
:1066A000922E8CE00E94922E8D2D0E94922E5801E7
:1066B00024EEA21A23EFB20A680130EEC31A33EFB8
:1066C000D30A80E00E94922ED5018D935D01CA16F7
:1066D000DB06B9F75B9AF70187811F928F9386815A
:1066E0001F928F9385811F928F9384811F928F9326
:1066F000D8018C911F928F93ECEEF2E1FF93EF9310
:106700008DE891E39F938F930E943C420FB6F894DB
:10671000DEBF0FBECDBFD70114969C911497809118
:10672000BC309813A1C015969C9115978091BD30EF
:1067300098139AC016969C9116978091BE30981324
:1067400093C017969C918091BF3098138DC06BE1D8
:1067500073E18DE891E30E94074281E0F7018087B1
:10676000118612860E94093EF80164877587868724
:10677000978781E081871682178210869581292F5D
:106780002B7F258394FD74C012868387F801858151
:1067900083FF08C0D7018D919C91119713969C930C
:1067A0008E931297F8019382D70118968C918130BD
:1067B000C9F40E94093EF8014484558466847784B4
:1067C0006419750986099709693E73408105910529
:1067D00048F068E373E18DE891E30E942542D70118
:1067E00018961C92911047C062EB74E08DE891E31B
:1067F0000E94E34123E33CE0229EC001239E900DD2
:10680000329E900D1124FC01EC5BF74E7F014AE0B3
:1068100050E060818DE891E30E94C4420E94093EED
:10682000D7011C966D937D938D939C931F97C80100
:106830000E94452FC557DF4F0FB6F894DEBF0FBE3D
:10684000CDBFDF91CF911F910F91FF90EF90DF901F
:10685000CF90BF90AF909F908F907F906F905F9000
:106860004F903F902F900895D70118961C927ACFA1
:10687000828713868BCFBCE19B1228C069E874E045
:106880008DE891E30E94E3414AE050E0F801608125
:106890008DE891E30E94C4420E94093ED8011C96F3
:1068A0006D937D938D939C931F97C8010E94452FF4
:1068B0000D5C134FFDECEF1AF3EFFF0A2A94232827
:1068C00009F4B8CF22242394312C6ACEB7E19B126D
:1068D000EFCF0E94093EF80184849584A684B78492
:1068E000681979098A099B0980889188A288B388E8
:1068F000258186169706A806B90608F4E6C022FD8B
:10690000E4C082858111FEC0F8018385882311F1DE
:10691000D70118968C918130E9F066EE73E08DE82E
:1069200091E30E94E3414AE050E0F80160818DE884
:1069300091E30E94C4426FEFC8010E946D306DEF79
:10694000C8010E946D3063E0C8010E946D30D8011B
:106950001B961C92F8018185882309F449C0808127
:10696000811103C0858181FF43C0D70118968C91A6
:106970008130F1F163EC73E08DE891E30E94E34133
:106980004AE050E0F80160818DE891E30E94C44242
:1069900064EF71E080E090E00E94683E48E550E0DE
:1069A0006AE776E1C8010E94FF2F80910D184BE243
:1069B00050E06CEC75E1811104C041E850E068EFF3
:1069C00075E1C8010E94FF2F43E850E068E475E1DB
:1069D000C8010E94FF2FD8018C91811107C048EE99
:1069E00050E064E473E1C8010E94FF2FF8011186B2
:1069F000D8016C916295660F607E685F86E290E0D8
:106A00000E94262F5C01892B09F452CF0E94093E77
:106A1000F801648775878687978760816295660F1E
:106A2000607E685F88E290E00E94262F6C019801EA
:106A30002D5D334FC657DF4F39832883CA58D04066
:106A4000C857DF4F7880C858D0408FEFA8014C5E00
:106A5000594FCE57DF4F59834883C258D040D80191
:106A6000AA5EB94FCA57DF4FB983A883C658D04032
:106A7000E3E3FCE02E9E90012F9E300D3E9E300DF4
:106A80001124A9014C5B574E2A01D5011197CC570F
:106A9000DF4FB983A883C458D040A114B10409F4CE
:106AA00091C0BFEFB80FC757DF4FB883C958D04068
:106AB000882309F49DC07110B2C0C757DF4F3881D9
:106AC000C958D040311196C07FC06AE574E022FDFC
:106AD00002C06BE274E08DE891E30E94E3414AE07A
:106AE00050E0D8016C918DE891E30E94C442C80146
:106AF0000E94B9300E94093EF80164877587868735
:106B00009787D3CED70118968C91813009F4FCCEAB
:106B10006BE074E08DE891E30E94E3414AE050E0CD
:106B2000F80160818DE891E30E94C4426FEFC801D3
:106B30000E946D306BEFC8010E946D3060E0C801AB
:106B40000E946D306FEFC8010E946D306DEFC8017B
:106B50000E946D3060E0C8010E946D306FEFC80187
:106B60000E946D306BEFC8010E946D3061E0C8017A
:106B70000E946D306FEFC8010E946D306DEFC8014B
:106B80000E946D3061E0C8010E946D306FEFC80156
:106B90000E946D306BEFC8010E946D3063E0C80148
:106BA0000E946D306FEFC8010E946D306DEFC8011B
:106BB0000E946D3063E0C8010E946D30D8011A96C2
:106BC0001C92A2CE811114C0D8018C911F928F9378
:106BD0008BEC94E19F938F938DE891E39F938F9338
:106BE0000E943C420F900F900F900F900F900F90CB
:106BF00071105ECEF80180811F928F9383EF94E134
:106C00009F938F938DE891E39F938F930E943C42D3
:106C10000F900F900F900F900F900F9049CEF801AA
:106C200060816295660F607E685EC6019F700E94FB
:106C3000B12E982ED70118968C91813009F028C179
:106C400080EE890D803690F41F929F92EFE4F5E07C
:106C5000FF93EF934DE851E35F934F930E943C42C3
:106C60000F900F900F900F900F900F90D7011996E3
:106C7000EC9119971A968C91E93008F0A4C0811113
:106C8000B8C0AE2FB0E0AD52B94E8C91082E000CBA
:106C9000990B9816190609F08DC0EF5FD701199668
:106CA000EC93F7018285823009F0DDC0FAE09F1293
:106CB000DAC0D70118961C92189719968C918730D4
:106CC000B0F1FE0131964F01C657DF4FA880B98061
:106CD000CA58D040612CC5010E94F448D4018D935C
:106CE0004D016EE270E0C5010E9424495C01B3E0F1
:106CF0006B1629F0892BD9F0EFEFAE1ABE0A639418
:106D0000F4E06F12E8CF82E0D70118968C931897C1
:106D1000898114968C9314978A8115968C93159774
:106D20008B8116968C9316978C8117968C93D7012E
:106D300018968C911897823009F08EC017968C9116
:106D400017971F928F9316968C9116971F928F9379
:106D500015968C9115971F928F9314968C911F9274
:106D60008F93EBE4F4E1FF93EF934DE851E35F93EE
:106D70004F930E943C420FB6F894DEBF0FBECDBFCA
:106D8000BFEFCB1ADB0AF80160816295660F607E67
:106D9000685FA60188E290E00E94082FD8016C91FC
:106DA0006295660F607E685F40E481E090E00E943B
:106DB000982EEDC1F70110866DE274E18DE891E344
:106DC0000E9425426ECF811114C0F0E29F1269CF5C
:106DD0006AE374E18DE891E30E940742D7011A96B5
:106DE0008C911A978F5F1A968C931A9719961C920A
:106DF00058CF813009F055CFBEE29B1621F080EDCF
:106E0000890D8A3078F4EF3008F04BCF81E08E0F97
:106E1000D70119968C93E40DF52DF11DED5DF34F1F
:106E200090823FCFB0E29B1203C0EE2309F439CF2A
:106E300062E474E18DE891E30E940742D70119965C
:106E4000EC911997E40DF52DF11DED5DF34F1082D6
:106E500082E01A968C9325CF60E774E18DE891E388
:106E60000E9425428DCFF7018085813089F4FFEFA4
:106E7000CF1ADF0AD8016C916295660F607E685F59
:106E8000A60188E290E00E94082FF801608188CF77
:106E9000D80115969C91159790FF3FC018968C913C
:106EA0001897882351F016968C911697813059F5D2
:106EB00016961C92BFEF9B1263CFCE57DF4FE8812F
:106EC000F981C258D04020813181C901019660E02A
:106ED00076E00E948A45CA57DF4FA881B981C6581B
:106EE000D0404D915C9184179507A9F0240D351D74
:106EF000F901948ACE57DF4FA881B981C258D0409A
:106F00008D939C933DCFEFEF9E12D7CF81E0D801B8
:106F100016968C9335CF712C33CFF8018681813052
:106F200009F48FC008F470C0823009F49DC083302A
:106F300009F49EC0BFE79B1609F4B8C0EDE09E12AD
:106F4000B7C0CE57DF4FA881B981C258D0402D912C
:106F50003C91C901019660E076E00E948A45CA57DB
:106F6000DF4FE881F981C658D040408151818417B4
:106F7000950709F499C0240D351DD90154969C92AA
:106F8000CE57DF4FE881F981C258D040918380838A
:106F9000CC57DF4F28813981C458D0402230310589
:106FA00008F465CF46013FEF831A930AD8016C912C
:106FB0006295660F607E685EC4019F700E94B12E6C
:106FC0008A3011F0811153CFF5013297CC57DF4F42
:106FD000F983E883C458D040D8016C916295660F5C
:106FE000607E685FA40188E290E00E94082FF801AB
:106FF00060816295660F607E685F40E481E090E0AA
:107000000E94982E640133CFFFEF9F1293CF81E04F
:1070100016968C93169717961C92179718962C9184
:10702000189721110AC094FD02C01A968C9360EB48
:1070300073E08DE891E30E94134281E0F8018087BC
:107040009FCEFAEF82E09F1609F461CFB0EF9B125A
:1070500003C0F801168294CED80117969C92179718
:10706000E3E01696EC938CCEFFEF9F1289CE4ECFC5
:1070700087818D3FA9F4F1E09F1212C06FEFC80124
:107080000E946D306BEFC8010E946D3061E0C80155
:107090000E946D3064E773E08DE891E30E94134233
:1070A000D80116961C926CCE712C72CF88E0982E67
:1070B000D80114968C91EBECF0E301900020E9F7F5
:1070C000BF016C5C7043492D50E0282F30E026173B
:1070D000370708F043C026553F4CD90191962C91B3
:1070E000022E000C330B24173507A1F5F80120817F
:1070F000211130C08F5F8483F8018481882311F0CF
:1071000091FFB5CECE57DF4FA881B981C258D0408C
:107110002D913C91C901019660E076E00E948A457C
:10712000CA57DF4FE881F981C658D040408151816C
:107130008417950709F4D5C0240D351DD90154963F
:107140009C92CE57DF4FE881F981C258D04091839D
:1071500080838DCED80114961C92CECFF801148274
:107160001F929F922DE834E13F932F938DE891E396
:107170009F938F930E943C420F900F900F900F901F
:107180000F900F90B5E49B120EC00E946B31C75751
:10719000DF4F8881C958D040CC57DF4FA880B980D5
:1071A000C458D04072CCEDE49E120DC0D8011596A3
:1071B0008C9181FFE5CD80910D188111E1CD81E0A9
:1071C00080930E18DDCDBAE59B1206C0F8018581CB
:1071D00081FFD6CD82E0F4CFF9E49F1209C0D80137
:1071E00015968C9181FFCCCDB3E0B0930E18C8CD2D
:1071F000E4E49E1207C0D80115968C9181FFC0CDA2
:1072000084E0DECFB2E59B1232C0F801858181FFB8
:10721000B7CDF8941092C1001092C2001092C9002C
:107220001092CA001CBC1DBC1092BC0014BC15BC42
:1072300010928000109281001092B0001092B10064
:10724000109290001092910010927A001AB817B81C
:1072500014B81BB818B815B888E198E00FB6F894C0
:10726000A895809360000FBE90936000FFCFF2E47A
:107270009F1286CDD80115968C91159792E089279B
:1072800015968C9315978C911F928F93ECEAF4E1ED
:10729000FF93EF934DE851E35F934F930E943C427D
:1072A000D80115968C910F900F900F900F900F9022
:1072B0000F9081FF0FC06AE673E08DE891E30E94B2
:1072C000134280915A1E90915B1E9093591E809399
:1072D000581E56CD6EE573E08DE891E30E9413428F
:1072E0004FCD712CC4CD873109F05CCA68ED74E0D4
:1072F0008DE891E30E94E3414AE050E0F8016081AB
:107300008DE891E30E94C442D80115968C9115979F
:10731000982F9A7F15969C9315979C91911142CA2C
:10732000887F15968C933ECA982F809143188823A6
:1073300021F1923008F5892F90E023E33CE0829F11
:10734000F001839FF00D929FF00D1124EC5BF74E3E
:107350002381273111F02C3179F423E33CE0829F23
:10736000F001839FF00D929FF00D1124EC59FB4D1D
:1073700081E09081913009F480E00895CF92DF920E
:10738000EF92FF920F931F93CF93DF93462F90912D
:1073900043189923B1F0E82EF12C8230D8F01F92D7
:1073A0008F9386E195E19F938F938DE891E39F936F
:1073B0008F930E943C420F900F900F900F900F9070
:1073C0000F90DF91CF911F910F91FF90EF90DF9081
:1073D000CF90089583E39CE0E89E9001E99E300DF4
:1073E000F89E300D11242C5B374EF901E85EF34F07
:1073F00000811181C8010196C12C26E0D22EB60170
:107400000E948A45EC013296808191818C179D07FC
:1074100039F4CE010196B6010E948A45918380839A
:1074200023E33CE0E29EC001E39E900DF29E900DAE
:1074300011248C5B974EFC01E00FF11FE85EF94FC1
:107440004083885E934FFC01D183C083BACF90E024
:1074500080E008958091153190911631891B990B28
:10746000089590911631809115312FEF3FEF9817C5
:1074700048F4E92FF0E0E95EFE4C208130E09F5FA8
:1074800090931631C9010895E0911631809115311C
:10749000E81730F4F0E0E95EFE4C808190E008955A
:1074A0008FEF9FEF08950895CF93DF93EC01E09164
:1074B000ED30F091EE303097F1F0909116318091EF
:1074C00015319817C0F090E0292F30E026173707C4
:1074D00054F4DE01A20FB31F4C91295E3E4CD9013A
:1074E0004C939F5FF1CF1092163160931531CB0111
:1074F000DF91CF910994DF91CF910895E091EF3022
:10750000F091F030309729F01092F3301092F23071
:1075100009940895CF93DF931F92CDB7DEB76983A7
:107520002091F1302223F9F02091F230203258F0EE
:1075300021E030E0FC013383228390E080E00F9073
:10754000DF91CF9108958091F330E82FF0E0EC5077
:10755000FF4C998190838F5F8093F3308093F2305A
:1075600081E090E0ECCF61E0CE0101960E94563CB4
:10757000F7CFCF92DF92EF92FF920F931F93CF93AB
:10758000DF937C01CB018A012091F130222389F025
:10759000EB016B01C40ED51ECC15DD0569F06991B8
:1075A000D701ED91FC910190F081E02DC701099583
:1075B000F3CF642F0E94563CC801DF91CF911F91F9
:1075C0000F91FF90EF90DF90CF90089510921631B9
:1075D000109215311092F3301092F2300E94953BC8
:1075E0008EE79AE30E94823C84E59AE30C947D3C0A
:1075F000CB01BA010C94B33B81E08093F1306093EE
:1076000014311092F3301092F23008950C94FC3A39
:107610000F93062F21E04091F23064EF70E38091E8
:1076200014310E94063C1092F3301092F230109206
:10763000F1300F9108954F925F926F927F92AF92C7
:10764000BF92CF92EF92FF920F931F93CF93DF934E
:107650005C01F62ED42F28013901EE2019F10E9489
:10766000FC3ACE2DC43008F0C3E0C150B8F028E099
:10767000C29FC0011124A301920104C056954795F1
:10768000379527958A95D2F7B901D501ED91FC91EF
:107690000190F081E02DC5010995E7CF60E0C501BB
:1076A0000E94083B4D2FD13208F040E22C2D67E1BB
:1076B00071E38F2D0E94C63B1092163180931531D5
:1076C000DF91CF911F910F91FF90EF90CF90BF90DE
:1076D000AF907F906F905F904F900895CF92EF9210
:1076E0000F931F93C22EE12C00E010E098010E943E
:1076F0001B3B1F910F91EF90CF90089521E00C94C8
:107700006E3B61E00C94083BE1EEF0E313821282E1
:1077100088EE93E0A0E0B0E084839583A683B783EE
:1077200081EE96E19183808308951092863181E005
:10773000809384311092833161E081E10E945A3F4D
:1077400061E080E10E945A3FE9EBF0E080818E7FAA
:10775000808380818D7F80838CE58093B80085E471
:107760008093BC0008959B01AC0160E07DE281E361
:1077700091E00E949E4520513109410951095695D9
:107780004795379527952093B80008954132E0F545
:10779000909186319111FCCF91E0909386312093A6
:1077A00084312FEF2093373170937E3160937D3198
:1077B00010927C31240F20937B31909385319091EE
:1077C0008531880F892B8093853180918331813079
:1077D000C9F410928331809185318093BB008091F0
:1077E000BC0083FDF8CF85EC8093BC00809186318E
:1077F0008130E1F380917C31841710F440917C3129
:10780000842F089585EEF0CF40E0FACF0F934132F8
:1078100008F044C0909186319111FCCF92E0909392
:107820008631009384319FEF9093373170937E318E
:1078300060937D3110927C3140937B311092853181
:1078400090918531880F892B809385318091833188
:10785000813011F510928331809185318093BB0086
:107860008091BC0083FDF8CF85EC8093BC0022237F
:1078700021F0809186318230D1F3809137318F3F72
:1078800079F080913731803269F0809137318033DF
:1078900059F084E00F91089585EEE7CF81E0FACFAB
:1078A00080E0F8CF82E0F6CF83E0F4CF2091593129
:1078B000260F3327331F21323105ECF42091863116
:1078C000FC0190E080E0243069F082E00895A0910E
:1078D00059312191AC01455A5E4CA40FB52FB11D11
:1078E0002C930196861798F380915931680F609315
:1078F000593180E0089581E008959093803180931C
:107900007F3108959093823180938131089585ED80
:107910008093BC008091BC0084FDFCCF1092863126
:10792000089585EC8093BC001092863108951F92D3
:107930000F920FB60F9211240BB60F922F933F9315
:107940004F935F936F937F938F939F93AF93BF9367
:10795000EF93FF938091B900887F803609F44EC081
:1079600008F041C0883209F4AAC028F5803109F432
:107970009EC0C8F4882309F407C1883009F497C071
:10798000FF91EF91BF91AF919F918F917F916F91F7
:107990005F914F913F912F910F900BBE0F900FBEB3
:1079A0000F901F901895883109F489C0803241F7F3
:1079B0008093373115C0803409F4A6C048F4803371
:1079C000B9F38833E9F6809337310E94913CD8CFE0
:1079D000803509F489C0883509F49EC0883481F661
:1079E0000E94873CCDCF883909F494C038F5883798
:1079F00029F050F4883611F0803711F683E0809337
:107A000086311092383157C0883809F483C08039E4
:107A100019F0803809F0B4CF80913831803208F005
:107A200079C0E091383181E08E0F809338318091B8
:107A3000BB00F0E0E75CFE4C80833DC0803B39F04A
:107A4000E0F4803A09F485C0883A09F099CF84E0DF
:107A50008093863110925A3110925931E0918131E0
:107A6000F091823109958091593181110FC081E0E7
:107A70008093593110925B3109C0803C09F482C077
:107A8000883C09F47FC0883B09F07ACFE0915A31F5
:107A900081E08E0F80935A31F0E0E55AFE4C8081F0
:107AA0008093BB0090915A318091593131C08091BF
:107AB00085318093BB0085EC8093BC0061CF9091B1
:107AC0007C3180917B319817B8F580917D31909110
:107AD0007E31E0917C3121E02E0F20937C31E80F44
:107AE000F92FF11D8081E5CF20917D3130917E31DC
:107AF000E0917C3181E08E0F80937C318091BB00DE
:107B0000E20FF32FF11D808390917C3180917B31C6
:107B1000981788F285E8D0CF20917D3130917E3161
:107B2000E0917C3181E08E0F80937C318091BB00AD
:107B3000E20FF32FF11D808380918431811150CFAA
:107B400081E08093833184EA8093BC001092863177
:107B500017CF0E94913C80913831803230F4E0910F
:107B60003831F0E0E75CFE4C10826091383170E013
:107B7000E0917F31F091803189E391E30995109292
:107B80003831FECE85ECE0CF1092373129CF1F92ED
:107B90000F920FB60F9211244F935F936F937F93C1
:107BA0008F939F934091893150918A3160918B31AD
:107BB00070918C318091883190918731943019F592
:107BC000109287319091873190FD21C08A598D376D
:107BD00028F08D574F5F5F4F6F4F7F4F80938831F5
:107BE0004093893150938A3160938B3170938C31FB
:107BF0009F918F917F916F915F914F910F900FBEE9
:107C00000F901F9018959F5F90938731DBCF895914
:107C1000DECF2FB7F8946091893170918A318091CD
:107C20008B3190918C312FBF0895CF92DF92EF92DC
:107C3000FF926FB7F8948091893190918A31A09129
:107C40008B31B0918C315091883126B535B3432FAB
:107C5000417030FF04C041E02F3F09F440E06FBFA6
:107C60006C017D0137E0CC0CDD1CEE1CFF1C3A954D
:107C7000D1F7C50ED11CE11CF11CC81AD90AEA0AB9
:107C8000FB0A880F991FAA1FBB1FC81AD90AEA0A44
:107C9000FB0A63E0CC0CDD1CEE1CFF1C6A95D1F7DF
:107CA00030E0A3E3B3E00E94C945672F782F892F06
:107CB00099276C0D7D1D8E1D9F1D442321F06D5C49
:107CC0007C4F8F4F9F4FFF90EF90DF90CF900895A4
:107CD0008F929F92AF92BF92CF92DF92EF92FF92DC
:107CE0006B017C010E94153E4B015C01C114D10463
:107CF000E104F104E9F00E946D430E94153E681909
:107D000079098A099B09683E73408105910570F3E2
:107D100021E0C21AD108E108F10888EE880E83E05C
:107D2000981EA11CB11CC114D104E104F10429F76F
:107D3000FF90EF90DF90CF90BF90AF909F908F908B
:107D4000089500000000000000000000823091054E
:107D500050F09C01220F331F220F331F0797820F11
:107D6000931F0197F1F70895789484B5836084BDDB
:107D700085B5836085BDEEE6F0E08081816080831B
:107D8000E1E8F0E082E08083808181608083E0E848
:107D9000F0E0808181608083E1EBF0E080818460AD
:107DA0008083E0EBF0E0808181608083E1E9F0E0B6
:107DB000808183608083E0E9F0E08081816080835E
:107DC00087E880937A001092C100089582508A302B
:107DD00088F5E82FF0E0E151F14C0C94C045173FD5
:107DE0001B3FF93EFF3E1A3F1A3F033F093F0D3F3D
:107DF000133F809180008F77809380000895809159
:107E000080008F7DF9CF8091B0008F778093B00094
:107E100008958091B0008F7DF9CF809190008F7789
:107E2000809390000895809190008F7DF9CF84B564
:107E30008F7784BD089584B58F7DFBCFCF93DF937B
:107E400090E0FC01E75CFA4F2491875A9A4FFC01BD
:107E500084918823C9F090E0880F991FFC01E357B3
:107E6000FA4FA591B491FC01ED57FA4FC591D49109
:107E700061110DC09FB7F8948C91209582238C934B
:107E80008881282328839FBFDF91CF910895623096
:107E900051F49FB7F8943C91822F809583238C9363
:107EA000E8812E2BEFCF8FB7F894EC912E2B2C93EB
:107EB0008FBFEACF1F93CF93DF93282F30E0F901D4
:107EC000E75EFA4F8491F901E75CFA4FD491F9012A
:107ED000E75AFA4FC491CC23A9F0162F81110E94C2
:107EE000E63EEC2FF0E0EE0FFF1FED57FA4FA591A5
:107EF000B4918FB7F894EC91111108C0D095DE239E
:107F0000DC938FBFDF91CF911F910895DE2BF8CFC7
:107F1000CF93DF93282F30E0F901E75EFA4F849189
:107F2000F901E75CFA4FD491F901E75AFA4FC4918D
:107F3000CC23A1F081110E94E63EEC2FF0E0EE0F81
:107F4000FF1FE758FA4FA591B491EC91ED2381E022
:107F500090E009F480E0DF91CF91089580E090E017
:107F6000FACFFC01218D328D838D948DA901481BA0
:107F7000590BCA0193700895FC01218D328D838DB8
:107F8000948D2817390739F0838D948DE80FF91FE8
:107F9000878D90E008958FEF9FEF0895FC01218D6C
:107FA000328D838D948D2817390779F0A38DB48D88
:107FB000AE0FBF1F5F968C91238D348D2F5F3F4F87
:107FC0003370348F238F90E008958FEF9FEF0895E3
:107FD000FC01558D468D252F30E0842F90E0821BCB
:107FE000930B541710F0CF960895019708958FE5DD
:107FF00091E4892B49F080E090E0892B29F00E94E0
:108000005F4181110E94000080E090E0892B49F0DF
:1080100080E090E0892B29F00E94000081110C94EF
:1080200000000895FC01A68DA80FB92FB11DA15E17
:10803000BB4F2C91868D90E001968F739927868F88
:10804000A689B7892C93A089B1898C9183708064AB
:108050008C93958D868D981306C00288F389E02D48
:1080600080818F7D80830895CF93DF93EC01888D8D
:108070008823B9F0AA89BB89E889F9898C9185FDA3
:1080800003C0808186FD0DC00FB607FCF7CF8C9131
:1080900085FFF2CF808185FFEDCFCE010E94124097
:1080A000E9CFDF91CF910895EF92FF920F931F9345
:1080B000CF93DF93EC0181E0888F9D8D8E8D981397
:1080C0001AC0E889F989808185FF15C09FB7F894A7
:1080D000EE89FF896083E889F989808183708064F3
:1080E00080839FBF81E090E0DF91CF911F910F913E
:1080F000FF90EF900895F62E0D8D10E00F5F1F4F4B
:108100000F731127E02E8E8D8E110CC00FB607FC59
:10811000FACFE889F989808185FFF5CFCE010E94E9
:108120001240F1CFED8DEC0FFD2FF11DE15EFB4F05
:10813000F0829FB7F8940D8FEA89FB898081806275
:10814000CFCFCF92DF92EF92FF921F93CF93DF9327
:10815000EC016A017B01122F60E47BE48CE490E087
:10816000A70196010E949E452150310941095109FC
:108170005695479537952795E889F98982E0808358
:10818000211580E1380798F0E889F989108260EAC2
:1081900075E286E290E0A70196010E949E4521507B
:1081A0003109410951095695479537952795EC8531
:1081B000FD853083EE85FF852083188EEC89FD894F
:1081C0001083EA89FB89808188698083EA89FB8939
:1081D00080818F7D8083DF91CF911F91FF90EF9001
:1081E000DF90CF9008951F920F920FB60F92112437
:1081F0000BB60F922F934F935F938F939F93EF93B1
:10820000FF93E0919D31F0919E318081E091A33107
:10821000F091A43182FD27C020818091A6319091F8
:10822000A731019693704091A8315091A9318417DC
:10823000950759F0E091A631F091A731E357FE4C34
:10824000278F9093A7318093A631FF91EF919F9153
:108250008F915F914F912F910F900BBE0F900FBE9A
:108260000F901F9018958081F0CF1F920F920FB63C
:108270000F9211240BB60F922F933F934F935F935E
:108280006F937F938F939F93AF93BF93EF93FF93DE
:108290008DE891E30E941240FF91EF91BF91AF9161
:1082A0009F918F917F916F915F914F913F912F910E
:1082B0000F900BBE0F900FBE0F901F9018958DE87A
:1082C00091E30E94B13F21E0892B09F420E0822F45
:1082D0000895EDE8F1E31382128288EE93E0A0E0C6
:1082E000B0E084839583A683B78383EF96E191837F
:1082F000808385EC90E09587848784EC90E0978775
:10830000868780EC90E0918B808B81EC90E0938B62
:10831000828B82EC90E0958B848B86EC90E0978B3F
:10832000868B128E118E148E138E158E168E0895D6
:10833000AF92BF92CF92DF92EF92FF920F931F9373
:10834000CF93DF936C017B018B01040F151FEB01B1
:108350005E01AE18BF08C017D10759F06991D60168
:10836000ED91FC910190F081E02DC6010995892BDA
:1083700079F7C501DF91CF911F910F91FF90EF9099
:10838000DF90CF90BF90AF900895FB01A485B58595
:10839000ED91FC9111970190F081E02D682FCD01B6
:1083A000099590E080E00895FB0101900020E9F735
:1083B0003197AF01461B570BDC01ED91FC91028018
:1083C000F381E02D0994EF92FF920F931F93CF93C7
:1083D000DF938C017B01D0E0C0E0F701EC0FFD1FC3
:1083E0006491662361F0D801ED91FC910190F081D8
:1083F000E02DC8010995892B11F02196EECFCE0111
:10840000DF91CF911F910F91FF90EF90089561152B
:10841000710511F00C94D44190E080E008956DEB6B
:1084200076E00C94D4410F931F93CF93DF93EC012C
:108430000E94E3418C01CE010E940F42800F911FE8
:10844000DF91CF911F910F9108950F931F93CF93B9
:10845000DF938C01D0E0C0E06115710519F00E9436
:10846000D441EC01C8010E940F428C0F9D1FDF9187
:10847000CF911F910F910895CF93DF93CDB7DEB7C2
:108480002E970FB6F894DEBF0FBECDBF85EC91E4FA
:108490009A8789871C861B8682E08C838B899C89BE
:1084A0009E878D87AE01495E5F4F6D897E89CE01C3
:1084B00001960E94A7492E960FB6F894DEBF0FBE14
:1084C000CDBFDF91CF9108958F929F92AF92BF92CF
:1084D000EF92FF920F931F93CF93DF93CDB7DEB749
:1084E000A1970FB6F894DEBF0FBECDBF7C01FA0195
:1084F000CB0119A2223008F42AE08E010F5D1F4F34
:10850000822E912CB12CA12CBF01A50194010E94B7
:108510009E45F901CA016A300CF5605DD8016E9381
:108520008D01232B242B252B79F790E080E01097E9
:1085300021F0BD01C7010E94D441A1960FB6F89465
:10854000DEBF0FBECDBFDF91CF911F910F91FF9086
:10855000EF90BF90AF909F908F900895695CDECFB1
:108560002115310541F4DC01ED91FC910190F08180
:10857000E02D642F09940C9464429A01462F50E038
:1085800070E060E00C94B0420F931F93CF93DF93A1
:10859000EC010E94BD428C01CE010E940F42800F6F
:1085A000911FDF91CF911F910F910895FC01808160
:1085B0009181009711F00C9487460895CF93DF9333
:1085C000EC0188819981009711F00E9487461982F9
:1085D00018821D821C821B821A82DF91CF9108951E
:1085E0000F931F93CF93DF93EC018B016F5F7F4F4E
:1085F000888199810E941047009751F09983888360
:108600001B830A8381E0DF91CF911F910F91089521
:1086100080E0F9CFCF93DF93EC0188819981892B9A
:1086200049F08A819B818617970720F081E0DF91CE
:10863000CF910895CE010E94F0428823C1F38C812E
:108640009D81892B99F7E881F9811082EFCFEF9214
:10865000FF920F931F93CF93DF93EC017B018A016D
:10866000BA010E940A4381110BC0CE010E94DE4272
:10867000CE01DF91CF911F910F91FF90EF90089560
:108680001D830C83B701888199810E942F49F0CF07
:10869000FC011182108213821282158214826115EC
:1086A000710551F0FB0101900020E9F73197AF010E
:1086B000461B570B0C942743089508950E94B43E1F
:1086C0000E945D430E94B817C7EFDFE30E940B1AB8
:1086D0002097E1F30E94F73FF9CF08955058BB2748
:1086E000AA270E9486430C94D7440E94C94438F0BC
:1086F0000E94D04420F039F49F3F19F426F40C94E2
:10870000C6440EF4E095E7FB0C94C044E92F0E94A8
:10871000E84458F3BA17620773078407950720F0F7
:1087200079F4A6F50C940A450EF4E0950B2EBA2FB9
:10873000A02D0B01B90190010C01CA01A001112467
:10874000FF27591B99F0593F50F4503E68F11A1613
:10875000F040A22F232F342F4427585FF3CF4695A4
:1087600037952795A795F0405395C9F77EF41F16C6
:10877000BA0B620B730B840BBAF09150A1F0FF0F90
:10878000BB1F661F771F881FC2F70EC0BA0F621F7C
:10879000731F841F48F4879577956795B795F7956C
:1087A0009E3F08F0B0CF9395880F08F09927EE0F01
:1087B0009795879508950E94EF430C94D7440E94A3
:1087C000D04458F00E94C94440F029F45F3F29F09A
:1087D0000C94C04451110C940B450C94C6440E9457
:1087E000E84468F39923B1F3552391F3951B550B96
:1087F000BB27AA2762177307840738F09F5F5F4F74
:10880000220F331F441FAA1FA9F335D00E2E3AF0B2
:10881000E0E832D091505040E695001CCAF72BD0CA
:10882000FE2F29D0660F771F881FBB1F261737071B
:108830004807AB07B0E809F0BB0B802DBF01FF274D
:1088400093585F4F3AF09E3F510578F00C94C04426
:108850000C940B455F3FE4F3983ED4F386957795EF
:108860006795B795F7959F5FC9F7880F911D969506
:10887000879597F90895E1E0660F771F881FBB1F62
:10888000621773078407BA0720F0621B730B840B0F
:10889000BA0BEE1F88F7E09508950E94544468943F
:1088A000B1110C940B4508950E94F04488F09F5735
:1088B00098F0B92F9927B751B0F0E1F0660F771F04
:1088C000881F991F1AF0BA95C9F714C0B13091F0FA
:1088D0000E940A45B1E008950C940A45672F782F4D
:1088E0008827B85F39F0B93FCCF3869577956795BF
:1088F000B395D9F73EF490958095709561957F4F2B
:108900008F4F9F4F0895E89409C097FB3EF49095D0
:108910008095709561957F4F8F4F9F4F9923A9F058
:10892000F92F96E9BB279395F695879577956795E7
:10893000B795F111F8CFFAF4BB0F11F460FF1BC02B
:108940006F5F7F4F8F4F9F4F16C0882311F096E9BE
:1089500011C0772321F09EE8872F762F05C066236C
:1089600071F096E8862F70E060E02AF09A95660F25
:10897000771F881FDAF7880F9695879597F90895DE
:1089800097F99F6780E870E060E008959FEF80ECC2
:10899000089500240A941616170618060906089565
:1089A00000240A9412161306140605060895092ECB
:1089B0000394000C11F4882352F0BB0F40F4BF2B3A
:1089C00011F460FF04C06F5F7F4F8F4F9F4F08957A
:1089D00057FD9058440F551F59F05F3F71F0479570
:1089E000880F97FB991F61F09F3F79F08795089555
:1089F000121613061406551FF2CF4695F1DF08C074
:108A0000161617061806991FF1CF86957105610590
:108A100008940895E894BB2766277727CB0197F938
:108A200008950E9424450C94D7440E94C94438F00C
:108A30000E94D04420F0952311F00C94C0440C9473
:108A4000C64411240C940B450E94E84470F3959F92
:108A5000C1F3950F50E0551F629FF001729FBB2735
:108A6000F00DB11D639FAA27F00DB11DAA1F649FD1
:108A70006627B00DA11D661F829F2227B00DA11D84
:108A8000621F739FB00DA11D621F839FA00D611D0A
:108A9000221F749F3327A00D611D231F849F600D2B
:108AA000211D822F762F6A2F11249F5750409AF054
:108AB000F1F088234AF0EE0FFF1FBB1F661F771FE0
:108AC000881F91505040A9F79E3F510580F00C94AB
:108AD000C0440C940B455F3FE4F3983ED4F3869575
:108AE00077956795B795F795E7959F5FC1F7FE2B4B
:108AF000880F911D9695879597F90895991B79E0B0
:108B000004C0991F961708F0961B881F7A95C9F71D
:108B100080950895AA1BBB1B51E107C0AA1FBB1F6C
:108B2000A617B70710F0A61BB70B881F991F5A95F9
:108B3000A9F780959095BC01CD010895A1E21A2E68
:108B4000AA1BBB1BFD010DC0AA1FBB1FEE1FFF1FF1
:108B5000A217B307E407F50720F0A21BB30BE40B41
:108B6000F50B661F771F881F991F1A9469F7609588
:108B70007095809590959B01AC01BD01CF01089542
:108B8000EE0FFF1F0024001C0BBE0790F691E02D96
:108B90000994A29FB001B39FC001A39F700D811DD6
:108BA0001124911DB29F700D811D1124911D0895F6
:108BB0000E94C945A59F900DB49F900DA49F800D64
:108BC000911D11240895B7FF0C94D8450E94D845F3
:108BD000821B930B08950F931F93CF93DF938230E3
:108BE000910510F482E090E0E091EE35F091EF35E0
:108BF00030E020E0B0E0A0E0309799F42115310595
:108C000009F44AC0281B390B24303105D8F58A8174
:108C10009B816115710589F1FB0193838283FE01BC
:108C200011C0408151810281138148175907E0F03A
:108C30004817590799F4109761F012960C93129700
:108C400013961C933296CF01DF91CF911F910F9114
:108C500008950093EE351093EF35F4CF21153105CB
:108C600051F04217530738F0A901DB019A01BD0109
:108C7000DF01F801C1CFEF01F9CF9093EF35809379
:108C8000EE35CDCFFE01E20FF31F81939193225079
:108C9000310939832883D7CF2091EC353091ED35D8
:108CA000232B41F420910201309103013093ED35E3
:108CB0002093EC35209100013091010121153105FF
:108CC00041F42DB73EB74091040150910501241B9A
:108CD000350BE091EC35F091ED35E217F307A0F498
:108CE0002E1B3F0B2817390778F0AC014E5F5F4F02
:108CF0002417350748F04E0F5F1F5093ED35409312
:108D0000EC35819391939FCFF0E0E0E09CCFCF933F
:108D1000DF930097E9F0FC01329713821282A09151
:108D2000EE35B091EF35ED0130E020E01097A1F481
:108D300020813181820F931F2091EC353091ED35E8
:108D40002817390709F061C0F093ED35E093EC3551
:108D5000DF91CF910895EA01CE17DF07E8F54A8148
:108D60005B819E0141155105B1F7E901FB83EA835F
:108D700049915991C40FD51FEC17FD0761F480810B
:108D800091810296840F951FE901998388838281DE
:108D900093819B838A83F0E0E0E012968D919C9111
:108DA00013970097B9F52D913C911197CD0102963B
:108DB000820F931F2091EC353091ED35281739073C
:108DC00039F6309751F51092EF351092EE35B09399
:108DD000ED35A093EC35BCCFD383C2834081518164
:108DE000840F951FC817D90761F44E5F5F4F8881C4
:108DF0009981480F591F518340838A819B819383B6
:108E000082832115310509F0B0CFF093EF35E0935F
:108E1000EE359ECFFD01DC01C0CF13821282D7CF89
:108E20004F925F926F927F928F929F92AF92BF927A
:108E3000CF92DF92EF92FF920F931F93CF93DF9326
:108E40008C01009799F4CB01DF91CF911F910F9185
:108E5000FF90EF90DF90CF90BF90AF909F908F905A
:108E60007F906F905F904F900C94EB45FC01E60F64
:108E7000F71F9C0122503109E217F30708F4AEC036
:108E8000D901CD91DC911197C617D70720F1C530D4
:108E9000D10578F0CE0104978617970750F0C61BCE
:108EA000D70B2297C193D1936D937C93CF010E94EE
:108EB0008746C801DF91CF911F910F91FF90EF90EE
:108EC000DF90CF90BF90AF909F908F907F906F90EA
:108ED0005F904F9008955B01AC1ABD0A4C018C0E57
:108EE0009D1EA091EE35B091EF35512C412CF12C07
:108EF000E12C109731F58091EC359091ED35881586
:108F0000990509F05CC04616570608F058C08091D4
:108F1000000190910101009741F48DB79EB74091F7
:108F2000040150910501841B950BE817F90708F01F
:108F300055C0F093ED35E093EC35F9017183608312
:108F4000B8CF8D919C91119712966C9012971396B1
:108F50007C901397A815B90559F56C0142E0C40E31
:108F6000D11CCA14DB0420F1AC014A195B09DA01F7
:108F70001296159780F06282738251834083D901E3
:108F80006D937C93E114F10471F0D7011396FC9377
:108F9000EE9312978ECF22968C0F9D1FF90191832D
:108FA0008083F301EFCFF093EF35E093EE3581CF7F
:108FB0004816590608F42C017D01D3019ACFCB0144
:108FC0000E94EB457C01009749F0AE01B8010E9478
:108FD0001B49C8010E94874687016BCF10E000E063
:108FE00068CF3F924F925F926F927F928F929F9243
:108FF000AF92BF92CF92DF92EF92FF920F931F93A7
:10900000CF93DF935C016B017A016115710519F053
:10901000FB0191838083E114F10449F0C7010297B9
:10902000839728F060E070E0CB019BC05E01E50112
:109030002196F5011081812F90E00E941249892B21
:10904000A9F71D3209F05CC02196F501118101E0FC
:10905000E114F10409F4BBC0F0E1EF16F10409F0EA
:109060009BC0103341F488818F7D883509F08FC013
:10907000198122960260E0E1EE2EF12C88248A9478
:10908000982CA82CFFE0BF2E20E060E070E0CB0120
:1090900027010F2C000C66087708FE0150ED352ED5
:1090A000310E39E0331568F43FEB310F49EC342EC3
:1090B0003A3130F03FE9310F3A31B0F539EA332E29
:1090C000310E3E141F0484F52F3FB9F08616970623
:1090D000A806B90638F1A30192010E94674C232D1E
:1090E00030E050E040E0620F731F841F951F62174D
:1090F000730784079507B0F021E021961081CDCF4A
:109100001B3221F4E5012296F501118100E0A0CF88
:1091100078E0E72EF12C88248A94982CA82C6FE113
:10912000B62EB2CF2FEFE9CFC114D10431F02223F4
:1091300051F12197F601D183C08300FF07C09095BC
:109140008095709561957F4F8F4F9F4F2F3F49F4CA
:1091500082E290E09093F1358093F0356FEF7FEFEE
:10916000CB01DF91CF911F910F91FF90EF90DF9096
:10917000CF90BF90AF909F908F907F906F905F90B7
:109180004F903F90089501FFD8CF2297D3CF10E39F
:10919000E114F10409F4BCCF3AE0E316F104E9F07C
:1091A00080E1E816F10409F466CFE8E0EE16F10478
:1091B00009F4B1CF6FEF7FEFCB0197010F2C000CBB
:1091C000440B550B0E949E4549015A015DCF103357
:1091D00009F449CF9AE0E92EF12C89E9882E982CE0
:1091E000A82C89E1B82E50CFFC0188279927E89454
:1091F00021912032E9F3293010F02E30C8F32B32C0
:1092000041F02D3239F4689404C00E943649820F2F
:10921000911D219120532A30C0F31EF49095819521
:109220009F4F089591110C94AA4B803219F08950E8
:109230008550C8F70895FB01DC0102C001900D9232
:1092400041505040D8F70895FC018191861721F0D4
:109250008823D9F7992708953197CF010895FB0105
:10926000DC0101900D920020E1F708957AE0979FCC
:10927000902D879F802D910D112408950F931F939A
:10928000CF93DF93CDB7DEB72E970FB6F894DEBF3E
:109290000FBECDBF0D891E8986E08C831A8309839A
:1092A0008FEF9FE79E838D83AE01475E5F4F6F898F
:1092B000788DCE0101960E94A7492F813885020F33
:1092C000131FF80110822E960FB6F894DEBF0FBE62
:1092D000CDBFDF91CF911F910F9108950F931F93F1
:1092E000CF93DF93CDB7DEB72E970FB6F894DEBFDE
:1092F0000FBECDBF8C01FA0186E08C831A830983EF
:1093000077FF02C060E070E8615071097E836D8371
:10931000A901BF01CE0101960E94A7494D815E813E
:1093200057FD0AC02F813885421753070CF49A0164
:10933000020F131FF80110822E960FB6F894DEBFAD
:109340000FBECDBFDF91CF911F910F9108952F9246
:109350003F924F925F926F927F928F929F92AF92C5
:10936000BF92CF92DF92EF92FF920F931F93CF9312
:10937000DF93CDB7DEB72B970FB6F894DEBF0FBEE5
:10938000CDBF7C013B018A01FC01178216828381DB
:1093900081FFDDC1CE0101965C01F7019381F301EC
:1093A00093FD859193FF81913F01882309F453C177
:1093B000853239F493FD859193FF81913F01853288
:1093C00029F4B70190E00E94C34BE7CF912C212CE8
:1093D000312CFFE1F31538F08B3211F190F480322B
:1093E00009F1833229F137FC3CC020ED280F2A30E7
:1093F00050F536FE20C08AE0989E200D1124922E52
:1094000006C08D3291F0803371F7689430F8F30123
:1094100093FD859193FF81913F018111DACF21C0A6
:10942000689431F8689432F8F2CF689433F8EFCF4B
:10943000689434F8ECCFEAE02E9E200D1124222E01
:10944000689435F8E4CF8E3229F436FC04C1689470
:1094500036F8DDCF8C3619F4689437F8D8CF8836D3
:10946000B1F2982F9F7D95549330E0F08336A1F1AF
:109470008337C1F1833509F063C02801F2E04F0E54
:10948000511CF801C080D180692D70E036FC02C00B
:109490006FEF7FEFC6010E94AD4B4C01689437F827
:1094A00082010AC00C5F1F4FFFE3F9838824839475
:1094B000912C6501E89437F833FE2DC0522C8114AD
:1094C000910471F5552009F468CFB70180E290E06E
:1094D0000E94C34B5A94F6CFF801808189830E5FB6
:1094E0001F4FE4CF2801F2E04F0E511CF801C0805D
:1094F000D180692D70E036FC02C06FEF7FEFC601AE
:109500000E94B84B4C018201D5CFB70180E290E0B8
:109510000E94C34B2A942814190409F0B0F7CECF47
:10952000F60137FC859137FE81916F01B70190E01C
:109530000E94C34B51105A94F1E08F1A9108BFCF8B
:10954000843619F0893609F077C0F80137FE6BC010
:1095500060817181828193810C5F1F4FF32DFF76B3
:109560003F2E97FF09C090958095709561957F4F2C
:109570008F4F9F4F689437F82AE030E0A5010E9492
:10958000F34BC82ECA188C2C432C36FE0CC0E89422
:1095900040F8C91440F434FE05C032FC03C0F32D7A
:1095A000FE7E4F2E892C44FEAAC0FE01EC0DF11D5B
:1095B0008081803309F09CC0242D297E422E842D89
:1095C0008870582E43FCAAC040FEA4C09C2C821474
:1095D00018F42C0C922C981844FEA6C0B70180E316
:1095E00090E00E94C34B42FE09C088E790E041FE34
:1095F00002C088E590E0B7010E94C34BC91408F48B
:109600009FC0CA94D12C9FEFC91AD90ACA0CDB1C7F
:10961000F60182916F01B70190E00E94C34BAC1438
:10962000BD04B1F74FCF60817181072E000C880B0C
:10963000990B0E5F1F4F92CFD32CE894D4F82AE0F9
:1096400030E08537E1F1232D297FD22E8F36A9F125
:10965000F0F4883551F1F701868197812B960FB68A
:10966000F894DEBF0FBECDBFDF91CF911F910F9158
:10967000FF90EF90DF90CF90BF90AF909F908F9032
:109680007F906F905F904F903F902F90089580371C
:1096900049F0883701F7D4FE02C06894D2F820E17F
:1096A00030E00DC06894D4F8F6CF34FE03C0822FAA
:1096B0008660D82E20E132E002C028E030E0F801D8
:1096C000D7FE0FC060817181828193810C5F1F4F33
:1096D000A5010E94F34BC82ECA183D2CE89437F818
:1096E00052CF6081718190E080E00E5F1F4FF0CF1C
:1096F00042FC02C0839463CF8394839460CF842D13
:10970000867809F45CCFF6CFB70180E290E00E9442
:10971000C34B83948214C0F3512C5ECF522C581843
:10972000821408F459CFF8CF842D867809F466CFD7
:109730008BE241FE80E247FC8DE2B70190E05CCF16
:10974000B70180E390E00E94C34B9A9457CF8FEF0C
:109750009FEF84CF992788270895FC0105906150D9
:1097600070400110D8F7809590958E0F9F1F089537
:10977000FC016150704001900110D8F780959095E0
:109780008E0F9F1F08950F931F93CF93DF93182F72
:10979000092FEB018B8181FD09C01FEF0FEF812F96
:1097A000902FDF91CF911F910F91089582FF14C0E8
:1097B0002E813F818C819D81281739073CF4E881F7
:1097C000F981CF0101969983888310838E819F81CF
:1097D00001969F838E83E3CFE885F985812F0995D4
:1097E000892BA1F3DACFFA01AA27283051F12031D1
:1097F00081F1E8946F936E7F6E5F7F4F8F4F9F4F25
:10980000AF4FB1E03ED0B4E03CD0670F781F891F66
:109810009A1FA11D680F791F8A1F911DA11D6A0F34
:10982000711D811D911DA11D20D009F468943F91E7
:109830002AE0269F11243019305D3193DEF6CF01E6
:109840000895462F4770405D4193B3E00FD0C9F7AC
:10985000F6CF462F4F70405D4A3318F0495D31FD19
:109860004052419302D0A9F7EACFB4E0A69597956C
:10987000879577956795BA95C9F700976105710542
:1098800008959B01AC010A2E06945795479537958C
:109890002795BA95C9F7620F731F841F951FA01DE6
:1098A0000895F999FECF92BD81BDF89A992780B5A8
:1098B0000895262FF999FECF1FBA92BD81BD20BD14
:1098C0000FB6F894FA9AF99A0FBE01960895DB0143
:1098D0008F939F930E94D845BF91AF91A29F800D17
:1098E000911DA39F900DB29F900D1124089512E039
:1098F000CFECD2E004C0FE010E94C0452196C03DDD
:08990000D107C9F7F894FFCF6D
:109908000000F2358000134453784E414D2E4441F7
:1099180054004453784E79792E44534B0000123446
:10992800646790733070617373776F7264000D0AA7
:10993800507265737320435220746F2061636365AE
:1099480070742C2045534320746F20657869742007
:109958006F7220616E79206F74686572206B65790B
:1099680020746F206368616E67650D0A0030002FF0
:10997800003A002533752E2533752E2533752E258F
:10998800337500253032583A253032583A2530326E
:10999800583A253032583A253032583A253032581C
:1099A800003E20252D323073207C2025730D0A00BF
:1099B8002020252D323073207C2025730D0A001BB2
:1099C8005B25753B31481B5B4B004D41432041648F
:1099D80064726573730049502041646472657373DF
:1099E800004E65746D61736B0047617465776179CA
:1099F80000547275737465642050726F78790044EE
:109A08004E533100444E5332005443502054696D34
:109A1800656F75742028302E316D73290052657476
:109A28007269657300536F636B6574302050776497
:109A3800001B5B324A1B5B482B2D2D2D2D2D2D2D08
:109A48002D2D2D2D2D2D2D2D2D2D2D2D2D2D2D2D3E
:109A58002D2D2D2D2D2D2D2D2D2D2D2D2D2D2D2D2E
:109A68002D2D2D2D2D2D2D2D2B0D0A007C20202068
:109A7800202020202020202020204E4554574F52BF
:109A88004B20434F4E46494755524154494F4E206B
:109A98002020202020202020202020207C0D0A00AB
:109AA8002B2D2D2D2D2D2D2D2D2D2D2D2D2D2D2DE0
:109AB8002D2D2D2D2D2D2D2B2D2D2D2D2D2D2D2DD0
:109AC8002D2D2D2D2D2D2D2D2D2D2D2D2D2D2D2DBE
:109AD8002B0D0A000D0A2B2D2D2D2D2D2D2D2D2D65
:109AE8002D2D2D2D2D2D2D2D2D2D2D2D2D2D2D2D9E
:109AF8002D2D2D2D2D2D2D2D2D2D2D2D2D2D2D2D8E
:109B08002D2D2D2D2D2D2B0D0A00E28691E2869309
:109B18002020202020202073656C65637420726FDC
:109B280077202F206D6F646966792073656C656393
:109B3800746564206669656C640D0AE28690E28645
:109B4800922020202020202073656C656374206695
:109B580069656C640D0A454E5445522020202062E8
:109B68006567696E2F656E642065646974696E67E0
:109B780020726F770D0A5320202020202020207388
:109B880061766520616C6C0D0A45534320202020C6
:109B980020206469736361726420616C6C0D0A1B18
:109BA8005B25753B3148001B5B25753B25754800D7
:109BB8000D0A494F533A205344206572726F722040
:109BC80025752028004449534B5F455252004E4F9B
:109BD800545F5245414459004E4F5F46494C450039
:109BE8004E4F545F4F50454E4544004E4F545F45CD
:109BF8004E41424C4544004E4F5F46494C455359EF
:109C08005354454D00554E4B4E4F574E00206F6EE6
:109C180020004D4F554E54004F50454E005245417F
:109C280044005752495445005345454B00206F7036
:109C380065726174696F6E00202D2046696C653A03
:109C4800202573004469736B2053657420257500C3
:109C580020282573290031393A33343A32390053F0
:109C68006570203238203230323600494F533A205E
:109C7800436865636B20534420616E64207072658D
:109C880073732061206B657920746F20726570652D
:109C980061740D0A0D0A000D0A0A494F533A204211
:109CA800617564207265636F7665727920646F6E82
:109CB80065202D20506C65617365207265626F6F39
:109CC80074206E6F77210D0A000A494F533A2050CD
:109CD8006F7765722D6F6E2064656661756C742090
:109CE80052414D2042616E6B2073657474696E67D2
:109CF8003A0D0A000A5072657373202B2F2D206FBE
:109D08007220435220746F206163636570740D0A7A
:109D18000042616E6B202D3E20000A494F533A20C5
:109D28005A383020436C6F636B2053657474696EC6
:109D3800673A0D0A00436C6F636B202D3E20256443
:109D48002E25303264204D487A0D00082008002561
:109D580063001B5B32323B3148494F533A2043681A
:109D6800616E676573206469736361726465642EEC
:109D78000D0A001B5B25753B3148494F533A205467
:109D880079706520277965732720746F20636F6E5B
:109D98006669726D2020202020202020200D0A00D6
:109DA8001B5B25753B3148494F533A204E65747704
:109DB8006F726B20636F6E66696775726174696F25
:109DC8006E20757064617465642E205265737461C9
:109DD8007274696E6720696E746572666163652E58
:109DE8002E2E0D0A001B5B25753B3148494F533A0F
:109DF800204E6574776F726B20636F6E6669677546
:109E0800726174696F6E20736B69707065642C2061
:109E180074727920616761696E2E0D0A2020201BFB
:109E28005B25753B3148005B4652414D5D205265CC
:109E3800616420257520627974657320402025307F
:109E480034580A0D000A494F533A20525443206DA2
:109E5800616E75616C2073657474696E673A0D0A7A
:109E68000059656172202D3E20004D6F6E74682088
:109E78002D3E2000202020202020202020202020CF
:109E8800200D20446179202D3E2000486F757273A3
:109E9800202D3E20004D696E75746573202D3E207F
:109EA800005365636F6E6473202D3E2000202E2EB4
:109EB8002E646F6E652020202020200D0A0D0A00D8
:109EC800494F533A2052544320646174652F746992
:109ED8006D652075706461746564202800494F536E
:109EE8003A2053656C65637420626F6F74206D6FE0
:109EF8006465206F722073797374656D2070617268
:109F0800616D65746572733A0D0A005232383039E2
:109F18003236005330373132323500413036303145
:109F28003236000D0A0A5A38305F4D4243322D56F8
:109F3800202D2025730D0A494F53202D20492F4FDE
:109F48002053756273797374656D202D2025732DE8
:109F580025730D0A0D0A00494F533A20466F756E56
:109F68006420657874656E646564207365726961E0
:109F78006C205278206275666665722028257520E7
:109F88006279746573290D0A00494F533A205A388B
:109F98003020636C6F636B207365742061742025B7
:109FA800642E25303264204D487A0D0A00494F53FB
:109FB8003A20466F756E642052544320445333321E
:109FC8003331204D6F64756C6520280020543D2581
:109FD8006443290D0A00494F533A20525443204301
:109FE8004C4F434B20504F574552204641494C4512
:109FF800443A204441544120495320554E52454C3F
:10A008004941424C45210D0A00494F533A20466FB9
:10A01800756E6420475045204F7074696F6E0D0A45
:10A0280000494F533A20466F756E6420462D5261A1
:10A038006D204F7074696F6E202843593135453053
:10A0480036344A202F20464D323443363442290DC7
:10A058000A00494F533A20466F756E6420573535CC
:10A0680030302065746865726E657420636F6E7435
:10A07800726F6C6C6572202825752E25752E2575D6
:10A088002E2575290D0A00494F533A2043502F4D6C
:10A09800204175746F6578656320697320004F4EA1
:10A0A800004F4646000D0A494F533A2052656D65E8
:10A0B8006D626572206C617374204D656E752053F6
:10A0C800656C656374696F6E20697320000D0A49B9
:10A0D8004F533A205A3830207761746368646F6749
:10A0E80020726573657420636F756E7465720020E5
:10A0F80028462D52414D29003A20256C750020280C
:10A10800253032752F253032752F253032752025B0
:10A118003032753A253032753A25303275290D0AB4
:10A128000020303A20526563616C6C204C61737476
:10A138002053656C656374696F6E20282575290D39
:10A148000A0020313A2042617369630D0A00203207
:10A158003A20466F7274680D0A0020333A204C6F1B
:10A1680061642F736574204F5320000D0A20343A20
:10A17800204175746F626F6F740D0A0020353A20A4
:10A18800694C6F61640D0A0020363A204368616E9D
:10A198006765205A383020636C6F636B2073706575
:10A1A80065640D0A0020373A20546F67676C652094
:10A1B80043502F4D204175746F65786563202020CA
:10A1C800282D3E0020383A20536574207365726943
:10A1D800616C20706F72742073706565642020282C
:10A1E800256C75290D0A0020393A205365742049D9
:10A1F8006E697469616C2052414D2042616E6B201A
:10A208002020282575290020285741524E494E47BD
:10A218003A2064656661756C742069732025752918
:10A228000020413A20546F67676C652052656D6560
:10A238006D6265722053656C2E202020282D3E000B
:10A248004F4E29004F4646290020423A2053657454
:10A25800205254432074696D652F646174650D0A3A
:10A268000020433A204368616E6765204E65747725
:10A278006F726B2053657474696E67730D0A000DF5
:10A288000A456E74657220796F75722063686F690C
:10A298006365203E00256320204F6B0D0A000D20CA
:10A2A8002D3E00202020202020202020202020209B
:10A2B800202020200D000D202D3E256C752020200B
:10A2C8000D004368616E676564207370656564207E
:10A2D80077696C6C2062652065666665637469766B
:10A2E80065206166746572206E6578742072656297
:10A2F8006F6F74210D0A0D0A0A000D0A4F766572F8
:10A30800726964696E672073656C6563746564203F
:10A3180062616E6B202825752920746F20300D0A24
:10A328000D0A00494F533A2043757272656E7420C6
:10A3380000424153494334372E42494E00464F525A
:10A34800544831332E42494E0043504D32322E424A
:10A35800494E0051504D4C44522E42494E004350F4
:10A368004D4C44522E434F4D00554353444C445298
:10A378002E42494E00434F532E42494E0046555AED
:10A3880049582E42494E004155544F424F4F542E82
:10A3980042494E00494F533A204C6F6164696E67D9
:10A3A80020626F6F742070726F6772616D2028254C
:10A3B80073292E2E2E00494F533A204C6F61646941
:10A3C8006E6720626F6F742070726F6772616D2E96
:10A3D8002E2E0020446F6E650D0A00494F533A2017
:10A3E8005A38302069732072756E6E696E67206600
:10A3F800726F6D206E6F770D0A0D0A00257320208D
:10A408002066772025730042617564726174652047
:10A4180020256C75005A38302057646F6720202536
:10A428006C750028253032752F253032752F253070
:10A43800327520253032753A253032753A2530325A
:10A448007529004275696C64005B4652414D5D2078
:10A458005772697474656E20257520627974657306
:10A46800204020253034580A0D005B50524F544F7D
:10A478005D205752204F50434F444520284F555494
:10A4880031292C20307825303258207768696C655E
:10A4980020696F4F70636F6465203D2030782530E8
:10A4A80032582C20696F42797465436E74203D20C0
:10A4B80025750D0A005B53455442414E4B5D2053B0
:10A4C80065742025752049676E6F726564005B535B
:10A4D800454C54454C4E4554534F434B45545D20D1
:10A4E80025750D0A005B53454C54454C534F434B5F
:10A4F80045545D20496E76616C696420736F636BA7
:10A5080065642025750D0A005B53455454454C4E2F
:10A518004554464C4147535D206961635F737461DC
:10A52800746520636C65617265640D0A005B534550
:10A538005454454C4E4554464C4147535D20736531
:10A54800742020203078253032582C20726573759D
:10A558006C74203078253032582C20736F636B650B
:10A56800742025750D0A005B53455454454C4E45DF
:10A5780054464C4147535D207265736574203078AA
:10A58800253032582C20726573756C74203078250C
:10A598003032582C20736F636B65742025750D0A53
:10A5A800005B53455454454C4E4554464C41475323
:10A5B8005D20496E76616C696420736F636B6564B6
:10A5C8002025750D0A000D0A5B5A383057444F474D
:10A5D8005D2073657420746F20257520736563731F
:10A5E8002000284D656E755F726573746172742DF5
:10A5F8006C6576656C205265736574290D0A0028B0
:10A608005A38302D6C6576656C20526573657429EF
:10A618000D0A002844697361626C6564290D0A009B
:10A628000D0A5B5A383057444F475D207365747480
:10A63800696E67206572726F723A2025752C202525
:10A64800750D0A000D0A5B50524F544F5D2057524A
:10A65800204441544120284F555430292C2030782B
:10A6680025303258207769746820696E76616C6984
:10A6780064206F70636F6465203078253032580D20
:10A688000A005B47455454454C4E4554464C414797
:10A69800535D2025752C20736F636B6574202575B9
:10A6A8000D0A005B47455454454C4E4554464C41B1
:10A6B80047535D20496E76616C696420736F636BE4
:10A6C80065642025750D0A000D0A5B50524F544FE2
:10A6D8005D20524420444154412028494E302920CD
:10A6E8007769746820696E76616C6964206F70633D
:10A6F8006F6465203078253032582C200D0A005FB1
:10A708005A38305F7265735F0D0A005F49656E5F86
:10A718000D0A005F496469735F0D0A005802000062
:10A72800B004000060090000C0120000802500008D
:10A73800004B0000807000000096000000E100005F
:10A7480000C201001F1C1F1E1F1E1F1F1E1F1E1FD1
:10A758000608560F206000000000000000005F009F
:10A768000000000700070000147F147F1400242A4B
:10A778007F2A1200231308646200364955225000CC
:10A78800000503000000001C224100000041221CBB
:10A79800000014083E08140008083E08080000508D
:10A7A8003000000008080808080000606000000089
:10A7B8002010080402003E5149453E0000427F40F7
:10A7C80000004261514946002141454B31001814AF
:10A7D800127F10002745454539003C4A4949300059
:10A7E80001710905030036494949360006494929D6
:10A7F8001E0000363600000000563600000008141F
:10A8080022410000141414141400004122140800FA
:10A81800020151090600324979413E007E111111A9
:10A828007E007F49494936003E41414122007F412F
:10A8380041221C007F49494941007F09090901005B
:10A848003E4149497A007F0808087F0000417F415E
:10A8580000002040413F01007F08142241007F4052
:10A86800404040007F020C027F007F0408107F00F8
:10A878003E4141413E007F09090906003E41512100
:10A888005E007F09192946004649494931000101FE
:10A898007F0101003F4040403F001F2040201F0033
:10A8A8003F4038403F0063140814630007087008ED
:10A8B8000700615149454300007F414100000204FF
:10A8C800081020000041417F00000402010204003A
:10A8D800404040404000000102040000205454540D
:10A8E80078007F48444438003844444420003844C1
:10A8F80044487F00385454541800087E0901020067
:10A908000C5252523E007F080404780000447D40F7
:10A9180000002040443D00007F1028440000004112
:10A928007F4000007C04180478007C080404780048
:10A938003844444438007C141414080008141418CB
:10A948007C007C0804040800485454542000043F48
:10A95800444020003C4040207C001C2040201C003B
:10A968003C4030403C004428102844000C505050D3
:10A978003C004464544C4400000836410000000088
:10A988007F00000000413608000010080810080089
:10A99800FF8181F181FF5B57353530305D20434CB5
:10A9A8004F53452074696D656F7574206F6E207301
:10A9B8006F636B65742025750D0A005B573535305C
:10A9C800305D204F50454E2074696D656F75742059
:10A9D8006F6E20736F636B65742025750D0A005BBD
:10A9E80057353530305D20534F434B5F494E4954FE
:10A9F800206572726F72206F6E20736F636B65745F
:10AA08002025750D0A005B57353530305D204C49DF
:10AA18005354454E2074696D656F7574206F6E20B0
:10AA2800736F636B65742025750D0A005B573535A8
:10AA380030305D20534F434B5F4C495354454E20B3
:10AA48006572726F72206F6E20736F636B6574200E
:10AA580025750D0A005B57353530305D2053454E5E
:10AA6800442074696D656F7574206F6E20736F6311
:10AA78006B65742025750D0A005B57353530305DE0
:10AA880020446973636F6E6E656374696E672073C3
:10AA98006F636B65742025750D0A005B573535307B
:10AAA800305D2043525F444953434F4E2074696DD3
:10AAB800656F7574206F6E20736F636B65742025E6
:10AAC800750D0A005B57353530305D2043525F43C2
:10AAD8004C4F53452074696D656F7574206F6E20F7
:10AAE800736F636B65742025750D0A005B54454CC4
:10AAF8004E45545D20536F636B6574202575206344
:10AB08006F6E6E656374656420746F3A2025752EC8
:10AB180025752E25752E25750D0A005B504152535B
:10AB280045525D2050726F78792049502C20706111
:10AB38007273696E673A20002D2D2D3E74696D651C
:10AB48006F7574000D0A436F6D6D616E64732061DB
:10AB58007661696C61626C652077697468205A381F
:10AB68003020696E2052554E2073746174650D0A49
:10AB78002822452220616E642022522220616C77AF
:10AB880061797320656E61626C6564293A0D0A0DFE
:10AB98000A5B7077645D4D20204261636B20746F9F
:10ABA800204D61696E204D656E750D0A5B70776486
:10ABB8005D5A20205A3830204861726420526573EB
:10ABC80065740D0A5B7077645D492020456E61628B
:10ABD8006C65205469636B20494E540D0A5B70778D
:10ABE800645D44202044697361626C652054696324
:10ABF8006B20494E540D0A5B7077645D45202045F3
:10AC0800746865726E6574205265696E69740D0AA0
:10AC18005B7077645D522020426F617264204861E6
:10AC280072642052657365740D0A0D0A002D2D2D6E
:10AC38003E6D69736D61746368005B737061636511
:10AC48005D005B49505F454E445D000D0A5B504115
:10AC5800525345525D2050726F786965642049509F
:10AC68003A2025752E25752E25752E25750D0A0079
:10AC78000D0A5B5041525345525D20496E76616C16
:10AC8800696420495020737472696E67005B54458B
:10AC98004C4E45545D205370656369616C20636F49
:10ACA8006D6D616E643A2025630D0A005B54454C56
:10ACB8004E45545D20494F532042726964676520B0
:10ACC800736F636B65742025752000536166657426
:10ACD8007920636F756E746572205258206C6F6F9F
:10ACE80070204578697420736F636B6574202575CF
:10ACF8000D0A004649464F2046756C6C2052582074
:10AD08006C6F6F70204578697420736F636B65741E
:10AD18002025750D0A005B54454C4E45545D207046
:10AD28007573685F747820617474656D7074656498
:10AD3800206F6E20696E76616C696420736F636B37
:10AD480065742025750D0A002A2020202020202047
:10AD580020202020202020202020202020202020EB
:10AD680020202020202020202020202020202020DB
:10AD78002A0D0A2A2020202068747470733A2F2F15
:10AD88007777772E70726F626F7363692E64652FA1
:10AD98005A38306D626320202020202A0D0A2A2A82
:10ADA8002A2A2A2A2A2A2A2A2A2A2A2A2A2A2A2AFB
:10ADB8002A2A2A2A2A2A2A2A2A2A2A2A2A2A2A2AEB
:10ADC8002A2A2A2A2A2A2A0D0A0D0A002A2020209D
:10ADD800202020202020202020205A38302069736D
:10ADE8002048616C746564202020202020202020C9
:10ADF800202020202A0D0A002A2020202020202080
:10AE0800202020202020202020202020202020203A
:10AE1800202020202020202020202020202020202A
:10AE28002A0D0A2A2020496620796F7520676574E3
:10AE3800206E6F2070726F6D70742C20746865209E
:10AE480070726F636573736F7220202A0D0A2A204F
:10AE58006D69676874206E6F74206265206C697311
:10AE680074656E696E67206F6E20746869732073ED
:10AE78006F636B6574202A0D0A000D0A2A2A2A2A94
:10AE88002A2A2A2A2A2A2A2A2A2A2A2A2A2A2A2A1A
:10AE98002A2A2A2A2A2A2A2A2A2A2A2A2A2A2A2A0A
:10AEA8002A2A2A2A2A0D0A2A202020202020202087
:10AEB8002057656C636F6D6520746F205A38305F5A
:10AEC8004D4243322D562020202020202020202AA9
:10AED8000D0A0050524F58592054435000000000AA
:10AEE800008A3AB93A273A533A2A3A313A443A0068
:10AEF80000000054409841E83F3440B13FCE3FBC89
:02AF08003F0008
:00000001FF
