:020000040000FA
:100000000C94D0020C94FA020C94FA020C94FA02AA
:100010000C94FA020C94FA020C94FA020C94FA0270
:100020000C94FA020C94FA020C94FA020C94FA0260
:100030000C94FA020C94FA020C94FA020C94FA0250
:100040000C94FA020C94FA020C94BD3D0C94FA0242
:100050000C94E9400C942B410C94FA020C94FA0293
:100060000C94FA020C94FA020C948D3C0C94FA0253
:100070000C94FA020C94FA020C94FA020C94FA0210
:100080000C94FA020C94FA020C94FA024C6F61641C
:10009000696E672064656661756C74206E6574773F
:1000A0006F726B2073657474696E677300AF003193
:1000B00010FD2152FDCDC6FECD3EFFCDF4FD3EFF2D
:1000C000BC2010BD200D21D9FDCDC6FE2188FDCD5F
:1000D000C6FE76E521D9FDCDC6FE2175FDCDC6FE55
:1000E000E1CD4BFFCD3EFFCD3EFFDB01FEFF20FA11
:1000F000E9694C6F6164202D20496E74656C2D4850
:100100006578204C6F61646572202D205332303049
:10011000373138005374617274696E6720416464CA
:10012000726573733A20004C6F6164206572726F60
:1001300072202D2053797374656D2068616C74652D
:10014000640057616974696E6720696E7075742008
:1001500073747265616D2E2E2E0053796E74617802
:10016000206572726F722100436865636B73756DF1
:10017000206572726F722100694C6F61643A2000D1
:10018000416464726573732076696F6C6174696F22
:100190006E2100F5D5C501FFFF21A3FDCDC6FECD23
:1001A0003EFFCD72FFFE0D28F9FE0A28F5FE20283D
:1001B000F1CD1AFFCD69FFFE3AC2A3FECDE1FE5795
:1001C0001E00CDBEFECDD6FE3EFFB82005B92002F2
:1001D000444D7CCDBEFE7DCDBEFECDE1FECDBEFE4E
:1001E000FE01201ECDE1FECDBEFE7BA72866CD3EE2
:1001F000FF21D9FDCDC6FE21C9FDCDC6FE01FFFF01
:1002000018527AA7282CCDE1FECDBEFEE5C5A70188
:10021000F0FCED42C1E1DA8EFECD3EFF21D9FDCDED
:10022000C6FE21E1FDCDC6FE01FFFF18277723158D
:1002300018D0CDE1FECDBEFE7BA720B2CD3EFFC3E0
:1002400003FECD3EFF21D9FDCDC6FE21BBFDCDC6AF
:10025000FE01FFFFCD3EFF6069C1D1F1C9C54F7BF3
:10026000915F79C1C9F5E57EFE002806CD69FF23BF
:1002700018F5E1F1C9F5CDE1FE67CDE1FE6FF1C9F9
:10028000C5CDF4FECB07CB07CB07CB0747CDF4FE9C
:10029000B0C1C9CD72FFCD1AFFCD06FF30F5CD2319
:1002A000FFCD2EFFC9FE47D0FE3030023FC9FE3AD7
:1002B000D8FE4130023FC937C9FE61D8FE7BD0E687
:1002C0005FC9FE3A3802D607D630E60FC9F5E60F09
:1002D000C630FE3A3802C607CD69FFF1C9F53E0DBA
:1002E000CD69FF3E0ACD69FFF1C9E5F57CCD58FF28
:1002F0007DCD58FFF1E1C9F5C5470F0F0F0FCD2E8A
:10030000FF78CD2EFFC1F1C9F53E01D301F1D30035
:10031000C9DB01FEFFCA72FFC95B57353530305D5E
:10032000205735353030207265736574204F4B008F
:100330005B57353530305D205735353030207265AC
:10034000736574204552524F52005B57353530303B
:100350005D20573535303020726573657400446513
:100360006163746976617465640041637469766180
:10037000746564005B54454C4E45545D2052657075
:100380006C69656420274941432057494C4C2045FE
:1003900043484F2720746F202749414320444F2072
:1003A0004543484F2720726571756573740D0A00C7
:1003B000636C69656E742069735F74656C6E6574D7
:1003C0000D0A005B54454C4E45545D2053656E64E8
:1003D000696E672062616E6E6572206F6E20736F4A
:1003E000636B657420005B54454C4E45545D20534F
:1003F000656E64696E67206D696E692049414320AE
:100400006F6E20736F636B657420005B54454C4EB8
:1004100045545D2053656E64696E672049414320F1
:100420006F6E20736F636B657420005B54454C4E98
:1004300045545D205A6F6D6269652074696D656F02
:1004400075743A20E2869220726573657474696EE1
:100450006720736F636B657420005B54454C4E4599
:10046000545D2048616E67757020726571756573A3
:10047000743A20E2869220726573657474696E67BF
:1004800020736F636B657420005B54454C4E45547C
:100490005D20434C4F53455F5741495420E28692BB
:1004A00020434C4F5345206F6E20736F636B657410
:1004B00020005B54454C4E45545D20434C4F534502
:1004C0004420E28692204C495354454E206F6E20C2
:1004D000736F636B657420005B54454C4E45545DEF
:1004E00020446973636F6E6E656374656420736F17
:1004F000636B657420005B4552525D205735353083
:1005000030206E6F7420666F756E642120564552E0
:1005100053494F4E52203D20000000000203000AC4
:100520000B000000000504090800000000000000A6
:10053000000000000000000000010204081020403C
:1005400080010204081020408001020408102040AD
:10055000800102040810204080020202020202020E
:100560000204040404040404040303030303030354
:100570000301010101010101010000200023002607
:1005800000290000002200250028002B0000002187
:1005900000240027002A000035087A3B5F4141080B
:1005A00011241FBECFEFD0E4DEBFCDBF17E1A0E026
:1005B000B1E0E4EFF8E900E00BBF02C007900D9254
:1005C000A230B107D9F725E3A2E0B7E101C01D923F
:1005D000A23FB207E1F712E0CFECD2E004C02197CE
:1005E000FE010E94B645CC3CD107C9F70E94544396
:1005F0000C946D4C0C9400000F931F93CF93DF93DA
:100600000AEA10E3CAE0D0E0CE010E94474CF801AC
:1006100081938F012196C134D105B1F78AEA90E325
:10062000DF91CF911F910F9108950C94474CDC01FD
:10063000ED91FC910190F081E02D0994DC01ED91A8
:10064000FC910190F081E02D0994FF920F931F938C
:10065000CF93DF93EC01F62E08811981C8010E9427
:10066000474CF81621F06F2DC8010E944F4CCE0167
:10067000DF91CF911F910F91FF900895CF93DF935A
:1006800000D0CDB7DEB79A838983CE0101960E9450
:1006900025030F900F90DF91CF910895EF92FF9275
:1006A0000F931F93CF93DF9300D0CDB7DEB78AEAC5
:1006B000E82E80E3F82E0AE010E01A830983F701A0
:1006C00061917F01CE0101960E9425030F5F1F4FAC
:1006D0000134110591F78AEA90E30F900F90DF91B2
:1006E000CF911F910F91FF90EF900895CF93DF93DB
:1006F000D82F61E082E00E94503FCFEFC1B9D2B95C
:1007000061E08CE00E94143F61E08CE00E94503F69
:1007100060E08CE00E94503F11B8C2B9DF91CF91E8
:100720000895CF92DF92EF92FF920F931F93CF9392
:10073000DF93CDB7DEB7D2500FB6F894DEBF0FBE51
:10074000CDBF9E01255F3D4FF901419151919F0120
:1007500060E072E08E010F5F1F4FC8010E94644984
:100760006C01B8018DE891E30E94FD418091491828
:1007700081FF0EC07801C701801B910B8C159D0570
:100780003CF4F70161917F0180E00E94B439F3CF1E
:10079000DE5F0FB6F894DEBF0FBECDBFDF91CF9105
:1007A0001F910F91FF90EF90DF90CF90089560E040
:1007B00086E10E94503F61E080E00E94503F64E685
:1007C00070E080E090E00E945E3E60E080E00E9489
:1007D000503F61E086E10C94503FCF93DF9300D00F
:1007E00000D000D0CDB7DEB70E94FC028091E0308F
:1007F0008A3209F461C06CE870E08DE891E30E94F0
:10080000094286E0EDE1F1E0DE01119601900D92E2
:100810008A95E1F786E0FE013196AAEAB0E30190FD
:100820000D928A95E1F720EC2093B03098EA9093EE
:10083000B1301092B2308CE38093B3308FEF80935D
:10084000B4308093B5308093B6301092B730209397
:10085000B8309093B9301092BA3091E09093BB3099
:100860001092BC301092BD301092BE301092BF304A
:1008700088E08093C0308093C1308093C2308093F1
:10088000C3309093C4309093C5309093C63090930A
:10089000C73020ED37E03093C9302093C8308093C3
:1008A000CA3063E271E08BEC90E30E9425498AE252
:1008B0008093E0300E944E038BEC90E3FC010190AA
:1008C0000020E9F7CF018C5C9043459710F010921F
:1008D000DF3026960FB6F894DEBF0FBECDBFDF9196
:1008E000CF9108958EE291E09F938F930E949103A0
:1008F0000F900F9008956AE00E9474458295807F62
:10090000890F0895982F92959F708F702AE0929F7B
:10091000800D11240895CF93C82F8A3040F48DE6BE
:1009200091E09F938F930E9491030F900F901F92DD
:10093000CF938DE494E09F938F930E9491030F9047
:100940000F900F900F90CF9108950F931F93CF9317
:10095000DF93EC018D810E948B040FE611E01F9361
:100960000F930E9491038E810E948B041F930F931B
:100970000E9491038F810E948B0486E393E19F93F1
:100980008F930E9491038C810E948B0401E711E0F8
:100990001F930F930E9491038B810E948B041F93DE
:1009A0000F930E9491038DB79EB70A960FB6F894E5
:1009B0009EBF0FBE8DBF8A81DF91CF911F910F9196
:1009C0000C948B04FB0123811F922F9322811F9291
:1009D0002F9321811F922F9320811F922F9323E722
:1009E00031E03F932F939F938F930E9434498DB7AB
:1009F0009EB70C960FB6F8949EBF0FBE8DBF08959C
:100A0000FB0125811F922F9324811F922F93238115
:100A10001F922F9322811F922F9321811F922F9338
:100A200020811F922F9323E831E03F932F939F93D0
:100A30008F930E9434498DB79EB740960FB6F894B5
:100A40009EBF0FBE8DBF08957F936F932DE434E05A
:100A50003F932F939F938F930E9434490F900F9051
:100A60000F900F900F900F900895BF92CF92DF924A
:100A7000EF92FF920F931F93CF93DF93C82EB62E62
:100A8000142F052FF22EE32E84E0D82EDC0C1F92BB
:100A9000DF92CFE9D3E0DF93CF930E9491030F90D1
:100AA0000F900F900F90CB1022C0EF92FF920F93F8
:100AB0001F9381EA91E09F938F930E9491031F926D
:100AC000DF92DF93CF930E9491038DB79EB70A9672
:100AD0000FB6F8949EBF0FBE8DBFDF91CF911F91CF
:100AE0000F91FF90EF90DF90CF90BF900895EF921D
:100AF000FF920F931F9380EB91E09F938F930E943F
:100B000091030F900F900F900F900F900F90E5CFE3
:100B1000CF92DF92EF92FF920F931F93CF93DF93C9
:100B2000CDB7DEB7A0970FB6F894DEBF0FBECDBF2E
:100B3000E82EF62E8A01C82ED12CC60104969F936A
:100B40008F938FEB91E09F938F930E9491030F906F
:100B50000F900F900F9089E08E15E8F0F601ED549C
:100B6000FA4F0C94B645BD05DA05E905F805070608
:100B700016062506340643065206B801CE01019634
:100B80000E9400059E012F5F3F4F4AEC51E06F2D00
:100B900080E00E943505A0960FB6F894DEBF0FBE28
:100BA000CDBFDF91CF911F910F91FF90EF90DF901C
:100BB000CF900895B8016A5F7F4FCE0101960E94E1
:100BC000E2049E012F5F3F4F46ED51E06F2D81E023
:100BD000E0CFB801665F7F4FCE0101960E94E2042C
:100BE0009E012F5F3F4F41EE51E06F2D82E0D1CF4C
:100BF000B801625F7F4FCE0101960E94E2049E0120
:100C00002F5F3F4F49EE51E06F2D83E0C2CFB80117
:100C10006E5E7F4FCE0101960E94E2049E012F5F1F
:100C20003F4F41EF51E06F2D84E0B3CFB8016A5ED2
:100C30007F4FCE0101960E94E2049E012F5F3F4F3D
:100C40004FEF51E06F2D85E0A4CFB801665E7F4F76
:100C5000CE0101960E94E2049E012F5F3F4F44E0C7
:100C600052E06F2D86E095CFF801668D778DCE012D
:100C700001960E9424059E012F5F3F4F49E052E0FC
:100C80006F2D87E086CFF80160A170E0CE0101965C
:100C90000E9424059E012F5F3F4F4DE152E06F2DD2
:100CA00088E077CF2BEC30E345E252E06F2D89E00E
:100CB00070CF0F931F93CF93DF93C82F8B0181E3E6
:100CC00092E09F938F930E9491038CE692E09F9312
:100CD0008F930E94910380EA92E09F938F930E94EA
:100CE00091030F900F900F900F900F900F90D0E006
:100CF000A80160E08D2F0E948805DF5FDA30C1F720
:100D000084ED92E09F938F930E9491038C2F90E04B
:100D100004969F938F938AE093E09F938F930E9412
:100D200091030F900F900F900F900F900F90DF9105
:100D3000CF911F910F9108958C5F94E0411193E042
:100D4000969F602D1124442391F0655E1F926F934E
:100D50001F928F9387EA93E09F938F930E94910352
:100D60000F900F900F900F900F900F900895645E6A
:100D7000EDCFCF93DF93D82FC0E0CD1751F061E0D6
:100D80008FE00E94503F60E08FE00E94503FCF5FB5
:100D9000F4CFDF91CF910895CF93DF93D82F61E007
:100DA00082E00E94503F81E00E94B906CFEFC1B9B6
:100DB00086E382B982E00E94B90611B8C2B982E026
:100DC0000E94B906C1B9D2B982E00E94B90611B831
:100DD000C2B983E00E94B90681E00E94B906C1B998
:100DE00083E282B982E00E94B90611B8C2B983E0F9
:100DF0000E94B90660E082E0DF91CF910C94503FF1
:100E00001F93CF93DF93182FD92F61E082E00E94C8
:100E1000503F81E00E94B906CFEFC1B981E282B9AB
:100E200082E00E94B90611B8C2B982E00E94B906F8
:100E3000C1B912B983E00E94B906D2B982E00E941A
:100E4000B90611B8C2B960E082E0DF91CF911F917D
:100E50000C94503F60E086E10E94503F86E00E9483
:100E6000B90661E086E10E94503F82E00C94B90629
:100E70000E94632708950E94712808950F931F937D
:100E8000CF93DF9300D0CDB7DEB78B01AE014F5FBC
:100E90005F4F60E270E00E94F8299981F801908329
:100EA0000F900F90DF91CF911F910F9108950F93A5
:100EB0001F93CF93DF9300D0CDB7DEB78B01AE0188
:100EC0004F5F5F4F60E270E0009721F470E060E0F8
:100ED00090E080E00E94CA2A9981F80190830F90E7
:100EE0000F90DF91CF911F910F910895B0E0A0E096
:100EF000BC01CD0129E0660F771F881F991F2A9535
:100F0000D1F70E94CE2B08950F931F93CF93DF93B9
:100F1000662309F476C08A01C62FD82F1F926F93DB
:100F200080EB93E09F938F930E9491030F900F901B
:100F30000F900F9088ED93E0C330C1F058F485EC2A
:100F400093E0C13099F08EEC93E0C23079F085E007
:100F500094E00CC08BEE93E0C53041F080EE93E05E
:100F6000C53020F087EF93E0C63089F79F938F93C9
:100F70000E9491030F900F908DE094E09F938F93C8
:100F80000E9491030F900F908DE194E0D230A1F078
:100F900058F482E194E0DD2379F088E194E0D130E7
:100FA00059F085E094E008C082E294E0D33021F06B
:100FB00088E294E0D430A9F79F938F930E94910325
:100FC0000F900F908DE294E09F938F930E94910376
:100FD0000F900F900115110561F01F930F9388E397
:100FE00094E09F938F930E9491030F900F900F9026
:100FF0000F908EE498E09F938F930E9491030F903F
:101000000F90DF91CF911F910F910895CF93C82F2B
:101010001F928F9384E494E09F938F930E94910397
:10102000C05DC093090187E091E00E943B076FE13A
:1010300077E184E297E10E943E070F900F900F90B6
:101040000F9080911F17882371F084E297E19F939E
:101050008F9380E594E09F938F930E9491030F906C
:101060000F900F900F90CF91089566E574E084E3A0
:1010700098E10E943E436FE574E08EE298E10C94A3
:101080003E438EE298E10E94CC4284E398E10C94C6
:10109000CC42CF93DF93EC0168E670E081EE90E301
:1010A0000E94FC3A70E060E081EE90E30E941E0333
:1010B0008A810E947B04682F81EE90E30E94803A2F
:1010C0008B810E947B04682F81EE90E30E94803A1E
:1010D0008C810E947B04682F81EE90E30E94803A0D
:1010E00061E070E081EE90E30E941E038D810E941A
:1010F0007B04682F81EE90E30E94803A8E810E94EB
:101100007B04682F81EE90E30E94803A8F810E94D9
:101110007B04682F81EE90E30E94803A81EE90E399
:101120000E94773B68E670E081EE90E30E94FC3A13
:101130006FE070E081EE90E30E941E0368E070E0D3
:1011400081EE90E30E941E0381EE90E30E94773BC4
:101150001982DF91CF9108958DE891E30E94A73F16
:10116000892B81F42091581E3091591E80915A1E6E
:1011700090915B1E2817390739F0809149188695A0
:101180008170089581E0089580E008958DE891E3ED
:101190000E94A73F181619062CF48DE891E30E94CF
:1011A000C43FF4CF8091491881FF08C08091581E38
:1011B0009091591E90935B1E80935A1E08950E9431
:1011C000C6088BE694E09F938F930E9491030F9043
:1011D0000F908DE891E30E94A73F18161906B4F00E
:1011E0002091581E3091591E80915A1E90915B1E7D
:1011F0002817390721F08091491881FD07C0809197
:101200004318882331F30E949432E3CF0895CF929C
:10121000DF92EF92FF920F931F93CF93DF930E9481
:10122000FF3D6B017C01D1E0CFEF0E94AC08811142
:10123000B4C08091431881110E9494320E94FF3DF6
:101240006C197D098E099F09683B7B4081059105DA
:10125000A0F462E08DE00E94143F8DE00E947E3F8A
:10126000892B09F0D0E061E08DE00E94143F6AE034
:1012700070E080E090E00E945E3E0E94FF3D0091A1
:101280000217109103172091041730910517601B66
:10129000710B820B930B6D32714081059105F8F053
:1012A00080E00E947E3F61E0892B09F060E080E0F1
:1012B0000E94503F0E94FF3D6093021770930317F6
:1012C0008093041790930517CC2349F0809117174A
:1012D000882329F0C15019F480E00E94842D0E94D7
:1012E000FF3D6C197D098E099F09693B7B40810593
:1012F000910508F49ACFDD2309F497CF88E690E0B2
:101300000E941503893009F490CF60E080E00E94CC
:10131000503F69E088E690E00E943E0387E994E050
:101320009F938F930E9491030F900F908091431889
:1013300081110E9494320E94FF3DC0900217D0900C
:101340000317E0900417F09005176C197D098E09BA
:101350009F09653671058105910540F380E00E9483
:101360007E3F61E0892B09F060E080E00E94503F01
:101370008DE00E947E3F61E0892B09F060E08DE006
:101380000E94503F0E94FF3D609302177093031725
:101390008093041790930517C9CF8DE891E30E94BD
:1013A000A73F892B79F08DE891E30E94C43F282F55
:1013B000822FDF91CF911F910F91FF90EF90DF90DF
:1013C000CF900895809149182FEF81FFF1CF809140
:1013D0005A1E90915B1EFC01EC5BF74E248901962E
:1013E00060E076E00E94804590935B1E80935A1ED9
:1013F000DFCFEF92FF920F931F93CF93DF93D091A4
:10140000161889EC94E09F938F930E94910384EFC8
:1014100094E09F938F930E9491030F900F900F90F1
:101420000F9081E1E82E85E0F82E03E416E0FF92AC
:10143000EF920E949103809116180E948B0490E015
:1014400080E00E940709C82F0F900F908B3209F59A
:10145000809116188E3018F48F5F809316181F93A2
:101460000F930E9491030F900F90CD3001F7609180
:1014700016186D17B1F089E690E00E943E03809146
:101480001618DF91CF911F910F91FF90EF900C9460
:1014900076038D3221F780911618882301F381504D
:1014A000DCCFDF91CF911F910F91FF90EF900895C6
:1014B0008F929F92AF92BF92CF92DF92EF92FF9264
:1014C000CF93DF938AE195E09F938F930E949103DE
:1014D00084EF94E09F938F930E9491030F900F905D
:1014E0000F900F90C5E3D5E0A0911A18B0E01196C7
:1014F00020E834E84EE150E00E94D9450E947B4448
:101500009B01AC0160E876E988E99BE40E94D14345
:101510004B015C010E9443446B01072E000C880BB9
:10152000990B0E947B449B01AC01C501B4010E9450
:10153000644320E030E048EC52E40E9407450E94FA
:1015400043447F936F93DF92CF92DF93CF930E94B8
:10155000910390E080E00E9407090F900F900F9098
:101560000F900F900F9060911A188D3239F46930F6
:1015700008F0BACF6F5F60931A18B6CF8B3229F498
:10158000662309F4B1CF6150F6CF8D3009F0ACCFAE
:1015900086E690E0DF91CF91FF90EF90DF90CF90C3
:1015A000BF90AF909F908F900C943E03CF92DF92AC
:1015B000EF92FF92CF93DF93EC0190E080E00E94E6
:1015C00007098D3009F447C0883009F446C08F37C9
:1015D00009F443C090ED980F9A3048F488838AE06C
:1015E000DF91CF91FF90EF90DF90CF900895982FEB
:1015F0009F7D9154963090F38B3149F50E94FF3DC9
:101600006B017C010E94FF3D6C197D098E099F09C9
:10161000643671058105910510F088E0E1CF0E94E4
:10162000AC08882379F390E080E00E9407098B35AD
:10163000A1F790E080E00E940709813481F08234B4
:1016400081F0833481F0843481F080E0C9CF833528
:10165000E1F78BE0C5CF87E0C3CF89E0C1CF81E060
:10166000BFCF82E0BDCF84E0BBCF83E0B9CF8F9204
:101670009F92BF92CF92DF92EF92FF920F931F93B0
:10168000CF93DF9300D000D000D01F92CDB7DEB74C
:101690007C01C62EB42E40E060E08B2D0E949C069B
:1016A00000E010E08C2D8150990B6C01CE01079663
:1016B0000E94D60A81508A30A8F4E82FF0E0ED5954
:1016C000F44F0C94B645830B8C0B6D0B7E0B940B77
:1016D0009D0BDC0B720BC60BA60B112319F01150DE
:1016E000198200E04AEA50E36B2D8B2D0E94880599
:1016F00040E0612F8B2D0E949C06D8CF1C151D0445
:101700008CF71F5FEDCFF701E10FF11D80818F3F57
:1017100049F38F5F8083E6CFF701E10FF11D8081F0
:10172000882301F38150F6CFF701E10FF11D80818D
:10173000863F08F085EF865FEDCFF701E10FF11DE1
:1017400080818A3008F48AE08A50E4CF053010F0B6
:10175000198200E099249394900EE1E0F0E0EC0F00
:10176000FD1FE00FF11D8F818083E1E0F0E0EC0FC1
:10177000FD1FE90DF11D1082CE0101960E94EA487D
:10178000F701E10FF11D8083092DACCF4701810ED8
:10179000911C002371F00150E1E0F0E0EC0FFD1F1F
:1017A000E00FF11D1082CE0101960E94EA48F4017B
:1017B000B1CFF401108296CF27960FB6F894DEBF12
:1017C0000FBECDBFDF91CF911F910F91FF90EF9092
:1017D000DF90CF90BF909F908F900895AF92BF926F
:1017E000DF92EF92FF920F931F93CF93DF9300D07E
:1017F00000D0CDB7DEB77C01D62E198241E060E083
:101800008D2D0E949C0600E010E0CE0104960E94FF
:10181000D60A81508A30A8F4E82FF0E0EE5EF34F4C
:101820000C94B645310C3A0C1C0C2D0C420C4C0C93
:10183000940C210C790C550C112319F011501982BC
:1018400000E04AEA50E36D2D8D2D0E94880541E0AD
:10185000612F8D2D0E949C06D8CF153090F71F5F09
:10186000EECFF701E10FF11D80818F3F51F38F5FC4
:101870008083E7CFF701E10FF11D8081882309F311
:101880008150F6CFF701E10FF11D8081813F10F407
:10189000805FEECF8FEFECCFF701E10FF11D80817C
:1018A000803108F480E18051E3CF023010F01982DA
:1018B00000E0BB24B394B00EE1E0F0E0EC0FFD1FBC
:1018C000E00FF11D8C818083E1E0F0E0EC0FFD1F63
:1018D000EB0DF11D108240E150E070E060E0CE01C0
:1018E00001960E94E747F701E10FF11D60830B2D80
:1018F000A8CF5701A10EB11C002399F00150E1E0DF
:10190000F0E0EC0FFD1FE00FF11D108240E150E010
:1019100070E060E0CE0101960E94E747F501608328
:1019200090CFF50110828DCF0F900F900F900F90F8
:10193000DF91CF911F910F91FF90EF90DF90BF90BB
:10194000AF900895AF92BF92CF92DF92EF92FF9245
:101950000F931F93CF93DF9300D000D000D0CDB76B
:10196000DEB77C0110E08BE4A82E85E0B82E9FE462
:10197000C92E95E0D92E90E080E00E9407098D30B5
:1019800041F58DEB96E09F938F930E9491030F900A
:101990000F90112361F0E1E0F0E0EC0FFD1FE10F8B
:1019A000F11D1082CE0101960E94EA487C01C70118
:1019B00026960FB6F894DEBF0FBECDBFDF91CF9154
:1019C0001F910F91FF90EF90DF90CF90BF90AF905D
:1019D0000895883011F08F3751F4112361F21150BE
:1019E000BF92AF920E9491030F900F90C4CF90EDE1
:1019F000980F9A3008F0BFCF153008F0BCCF01E047
:101A0000010FE1E0F0E0EC0FFD1FE10FF11D80831D
:101A1000282F082E000C330B3F938F93DF92CF9229
:101A20000E9491030F900F900F900F90102FA3CF53
:101A3000BF92CF92DF92EF92FF920F931F93CF93BB
:101A4000DF937C01B62EC0E08BE4C82E85E0D82E53
:101A50000FE415E090E080E00E9407098D30D1F49A
:101A60008DEB96E09F938F930E9491030F900F90C0
:101A700080E0CC2329F0CE0DDF2DD11D188281E02E
:101A8000DF91CF911F910F91FF90EF90DF90CF905A
:101A9000BF900895883011F08F3751F4CC23D1F2E4
:101AA000C150DF92CF920E9491030F900F90D2CF3E
:101AB000CB1580F6D1E0DC0FF701EC0FF11D808330
:101AC000282F082E000C330B3F938F931F930F93F7
:101AD0000E9491030F900F900F900F90CD2FBACFCF
:101AE0002F923F924F925F926F927F928F929F922E
:101AF000AF92BF92CF92DF92EF92FF920F931F931C
:101B0000CF93DF93CDB7DEB766970FB6F894DEBFFD
:101B10000FBECDBF0E94FC026AEA70E380E00E9423
:101B20005906512C9FE9692E93E0792E2AE1422E25
:101B300007EA13E03BE0232E46E1342E53E7C52E9F
:101B400055E0D52E6FE4A62E65E0B62E75EE872EF5
:101B500075E0972ECE0146960E94D60A8130A1F4F8
:101B6000FF24FA94511018C089E0F82E4AEA50E395
:101B70006F2D852D0E9488054AEA50E36F2D8F2D29
:101B80000E9488055F2CE6CF823041F489E0F12C79
:101B9000581661F3FF24F394F50CE8CF883079F5FB
:101BA0000E94FC026AEA70E3852D0E94590682E5D4
:101BB00095E09F938F930E94910368EE73E080E01D
:101BC00090E00E945E3E0F900F9080E066960FB608
:101BD000F894DEBF0FBECDBFDF91CF911F910F9163
:101BE000FF90EF90DF90CF90BF90AF909F908F903D
:101BF0007F906F905F904F903F902F9008958B3023
:101C000009F053C01F923F92DF92CF920E9491033E
:101C10000F900F900F900F90F12C90E080E00E94B9
:101C20000709F11028C0893759F5F394282F082E99
:101C3000000C330B3F938F93BF92AF920E9491039E
:101C40000F900F900F900F9083E0F812E6CF8AE28A
:101C50008093E0300E944E031F9288E18F9380EAC8
:101C600095E09F938F930E9491030F900F900F9098
:101C70000F9081E0ABCF91E0F91214C08536A9F244
:101C8000852D90E004969F938F931F923F929F9291
:101C90008F920E9491030F900F900F900F900F90D2
:101CA0000F9058CF833709F2EBCF873009F052CF2E
:101CB000E52CF12CEFEFE50DE93070F4F0E0ED5993
:101CC000F14F0C94B645850E8C0E910E960E9B0E20
:101CD000A00EA50EBE0ECF0E60E08AEA90E30E9431
:101CE000EE0B4AEA50E3652D852D0E94880594E0AD
:101CF000E90EF11CFF92EF927F926F920E94910386
:101D00000F900F900F900F9025CF41E064E080EB93
:101D100090E30E94370BE5CF42E064E084EB90E370
:101D2000F8CF43E064E088EB90E3F3CF44E064E075
:101D30008CEB90E3EECF45E064E080EC90E3E9CFFC
:101D400046E064E084EC90E3E4CF1F924F921F9250
:101D50002F921F930F930E9491038091C83090910E
:101D6000C9300E94A20C9093C9308093C8300F9064
:101D70000F900F900F900F900F90B3CF1F924F9234
:101D80001F929CE09F931F930F930E949103809159
:101D9000CA3090E00E94A20C8093CA30E8CF6BEC6E
:101DA00070E3CE0101960E9425491F924F921F9227
:101DB0008DE08F931F930F930E94910364E1CE01F6
:101DC00001960E94180D0F900F900F900F900F909A
:101DD0000F90882309F485CFBE016F5F7F4F8BEC96
:101DE00090E30E9425497DCFDF92EF92FF920F93FF
:101DF0001F93CF93DF93C091F217CC2309F44BC00C
:101E0000D42FC72FD62E8C0164E570E081EE90E3CD
:101E10000E94FC3A612F70E081EE90E30E9417036C
:101E2000B801772781EE90E30E94170360E081EE0E
:101E300090E30E94FE3A4D2F64E581EE90E30E940C
:101E4000743BED2CFC2EC0E081EE90E30E94203A22
:101E5000892B59F0DC1749F081EE90E30E94273A74
:101E6000F70181937F01CF5FEFCF1F930F931F92F5
:101E7000CF9387E296E09F938F938DE891E39F93B2
:101E80008F930E9432428DB79EB708960FB6F89492
:101E90009EBF0FBE8DBF8C2FDF91CF911F910F91F1
:101EA000FF90EF90DF9008951F93CF93DF93EC01A5
:101EB00068E670E081EE90E30E94FC3A70E060E03A
:101EC00081EE90E30E941E0381EE90E30E94773B37
:101ED00042E168E681EE90E30E94743B81EE90E37C
:101EE0000E94273A8F770E9482048A8381EE90E3D2
:101EF0000E94273A0E9482048B8381EE90E30E9425
:101F0000273A8F730E9482048C8381EE90E30E94B3
:101F1000273A81EE90E30E94273A0E9482048D8343
:101F200081EE90E30E94273A0E9482048E8381EE24
:101F300090E30E94273A0E9482048F831AE081EE88
:101F400090E30E94273A1150D1F781EE90E30E946E
:101F5000273A8887DF91CF911F9108952F923F9262
:101F60004F925F926F927F928F929F92AF92BF92A9
:101F7000CF92DF92EF92FF920F931F93CF93DF9355
:101F800083EF97E10E94540F85E496E09F938F932F
:101F90000E94910384EF94E09F938F930E9491039A
:101FA0000F900F900F900F90C0E086E3482E83E1D2
:101FB000582E94E7892E96E0992E25E9222E26E0C8
:101FC000322E0BE816E031EAE32E36E0F32E41E63E
:101FD000C42E46E0D42E5AE6A52E56E0B52E63E474
:101FE000662E66E0762E5F924F920E9491030F90CC
:101FF0000F90C23009F472C008F051C0CC2309F42C
:102000005BC0C13009F463C090E080E00E94070922
:10201000D82F8B3209F4F4C08D3209F415C18D30FC
:1020200099F77F926F920E9491030F900F90DD308D
:10203000D1F6CF5FC630B8F283EF97E10E9449082E
:102040008DEA96E09F938F930E94910380EC96E037
:102050009F938F930E94910383EF97E10E94A504C1
:102060008EE498E09F938F930E9491030F900F90BE
:102070000F900F900F900F90DF91CF911F910F91C4
:10208000FF90EF90DF90CF90BF90AF909F908F9098
:102090007F906F905F904F903F902F900895C43045
:1020A00059F118F1C53009F0AFCFFF92EF920E94BD
:1020B00091038091F51706C0DF92CF920E949103A1
:1020C0008091FA170E948B040F900F909DCFBF92C2
:1020D000AF920E9491038091F917F4CF9F928F9253
:1020E0000E9491038091F817EDCF1F930F930E94E8
:1020F00091038091F717E6CF3F922F920E949103B0
:102100008091F617DFCF8091FA178F5F843618F42D
:102110008093FA1786CF1092FA1783CFC093F917DE
:1021200080CF8091F8178F5F8093F817E091F917AF
:10213000E23091F490E02091FA17237051F42DE1F0
:1021400030E0281739070CF06CCF81E08093F81746
:1021500068CF2CE130E0F5CFF0E0ED5BF04F9081FF
:10216000981798F35ECF8091F7178F5F883118F436
:102170008093F71756CF1092F71753CF8091F61729
:102180008F5F8C3318F48093F6174BCF1092F617AD
:1021900048CF1092F51745CF8091FA17811102C0F0
:1021A00083E6B6CF8150B4CF81503AC0E091F917A1
:1021B0008091F817E23049F4813071F49091FA1768
:1021C000937009F080E0845EC1CF813029F4F0E0A3
:1021D000ED5BF04F8081BACF8150B8CF8091F71777
:1021E000813011F487E1C4CF8150C2CF8091F617BE
:1021F000813011F48BE3C7CF8150C5CF815021C00E
:10220000C23009F48ECF78F4CC2309F47CCFC130EE
:1022100009F007CF8091F9178F5F8D3008F07ECFDE
:102220008093F917FECEC43009F4A8CF08F49BCFF1
:10223000C53009F0F6CE8091F5178F5F8C3308F02A
:10224000A8CF8093F517EDCEC23009F4AFCF68F474
:10225000CC2309F4A1CFC13009F0E3CE8091F91766
:10226000813009F0A1CF8CE0DBCFC43009F4BECFC0
:1022700008F4B4CFC53009F0D4CE8091F517813081
:1022800009F0BCCF8BE3DDCF2F923F924F925F924C
:102290006F927F928F929F92AF92BF92CF92DF9276
:1022A000EF92FF920F931F93CF93DF9300D000D054
:1022B000CDB7DEB7898310921E1810921D1884E6E0
:1022C000809314188FEF8093151880932B18109219
:1022D0002718109226181092221810922118109286
:1022E00018181092171810921318109212181092B2
:1022F000111881E08093101810920F1810920E1888
:102300001092191710920B1880930D1860E086E157
:102310000E94503F61E081E00E94503F8091B000F8
:102320008F738093B00060E08FE00E94503F61E0C7
:102330008FE00E94143F0E942A0789E690E00E94E5
:1023400015038F3008F095C28093161880911618E7
:102350000E94760362E08DE00E94143F8DE00E94AF
:102360007E3F8C0161E08DE00E94143F61E08DE0D2
:102370000E94503F8AE690E00E9415038A838230D3
:1023800008F01A8285E690E00E941503823008F07A
:1023900072C2809321172A81222309F46FC284E636
:1023A00090E00E94150380932518012B09F06AC262
:1023B0008DED96E09F938F930E9491030F900F9065
:1023C0008AE38B8391E399835BE0852E57E0952E1A
:1023D00061E2262E68E0362E72E5A72E78E0B72E51
:1023E0000DEB16E09F928F9223E137E03F932F93FE
:1023F0002BE137E03F932F9323E237E03F932F9376
:102400000E94910384E08F931F9227E537E03F936A
:102410002F930E949103A0911A18B0E0119620E822
:1024200034E84EE150E00E94D9450E947B449B0174
:10243000AC0160E876E988E99BE40E94D1432B0176
:102440003C010E9443446B01072E000C880B990B42
:102450000E947B449B01AC01C301B2010E94644312
:1024600020E030E048EC52E40E9407450E944344DB
:102470007F936F93DF92CF9229E837E03F932F93BA
:102480000E9491030FB6F894DEBF0FBECDBF8091BE
:10249000F317882351F18DEA97E09F938F930E9461
:1024A000910383EF97E10E94A5042091FB17822FEF
:1024B000022E000C990B9F932F938CEC97E09F9327
:1024C0008F930E9491030F900F900F900F900F9099
:1024D0000F908091F417882341F086ED97E09F9349
:1024E0008F930E9491030F900F908091281888235A
:1024F00041F089E098E09F938F930E9491030F90A1
:102500000F908091F217882331F03F922F920E9412
:1025100091030F900F90809143188823C9F0809108
:10252000B3301F928F938091B2301F928F9380911E
:10253000B1301F928F938091B0301F928F93BF92D2
:10254000AF920E9491030FB6F894DEBF0FBECDBFCD
:1025500087E898E09F938F930E9491030F900F90CC
:1025600080912117882309F414C28EE998E09F9383
:102570008F930E9491030F900F9085EA98E09F93AC
:102580008F930E9491030F900F909A81992309F4E1
:1025900003C28EE998E09F938F930E9491030F905E
:1025A0000F908DEC98E09F938F930E9491030F9072
:1025B0000F908091F217882341F08FEE98E09F935F
:1025C0008F930E9491030F900F908091FF178F932C
:1025D0008091FE178F938091FD178F938091FC1748
:1025E0008F9388EF98E09F938F930E9491030F90B1
:1025F0000F900F900F900F900F908091FC1790917B
:10260000FD17A091FE17B091FF17892B8A2B8B2BFA
:1026100009F0C5C11F930F930E9491030F900F9073
:102620000E94C6081F930F930E9491038091251862
:102630000F900F90853080F490E001969F938F93D8
:1026400081E299E09F938F930E9491030F900F90E6
:102650000F900F9030E3398382E499E09F938F933A
:102660000E9491038EE499E09F938F930E949103BF
:102670008AE599E09F938F930E94910380911A17A6
:102680000E9406088BE699E09F938F930E94910326
:102690008CE799E09F938F930E94910388E899E0DB
:1026A0009F938F930E94910385EA99E09F938F9364
:1026B0000E9491030FB6F894DEBF0FBECDBF80918C
:1026C0002117811190C18EE998E09F938F930E940A
:1026D00091030F900F908EE498E09F938F930E9448
:1026E000910388E690E00E94150394E0899FF00131
:1026F0001124E45EF04F83818F9382818F938181D7
:102700008F9380818F9384EC99E09F938F930E94A5
:102710009103809116181F928F9387EE99E09F93F3
:102720008F930E9491030FB6F894DEBF0FBECDBF0A
:1027300080911618833069F01F9283E08F9387E0B1
:102740009AE09F938F930E9491030F900F900F90A8
:102750000F901F930F930E94910381E29AE09F9341
:102760008F930E9491030F900F900F900F903A81DA
:1027700080E49AE0332311F084E49AE09F938F93EE
:102780000E9491030F900F901F930F930E9491034B
:102790000F900F908091F317882351F089E49AE00D
:1027A0009F938F930E9491030F900F908BE38B83E5
:1027B00080914318882351F081E69AE09F938F938C
:1027C0000E9491030F900F909CE39B838FE79AE008
:1027D0009F938F930E9491030F900F9081E090E060
:1027E0000E94070981360CF001C180931C1880916A
:1027F0001C1881341CF0875080931C1880911C1881
:10280000298182170CF4F4C03B8138173CF3809186
:102810001717882319F080E00E94842D20911C183E
:102820002D3081F0822F022E000C990B9F932F9355
:1028300085E99AE09F938F930E9491030F900F90E8
:102840000F900F90E0911C18E353EA3008F021C17B
:102850000E2E000CFF0BE15DFB4E0C94B645FC14F4
:1028600049154915601563156D15CA15CD15D51592
:10287000D81583E069CD109221178DCD8FEF80930D
:10288000251896CD853008F093CD3981313009F483
:102890008FCD80912518823049F5809116188823B4
:1028A00089F01F928F938AEF9AE09F938F930E94F3
:1028B00091031092161880E00E9476030F900F90FB
:1028C0000F900F9083E29BE09F938F930E94910360
:1028D00080911A170E9406088DEB96E09F938F93C4
:1028E0000E9491030F900F900F900F9061E080E095
:1028F0000E94503F80912518823009F496C108F05B
:1029000066C1882309F47AC1813009F485C160E089
:1029100080E00E94503F80911F1890912018892BD1
:1029200079F090E080E00E94000783EC0E94CC06E2
:1029300080911F180E94CC06809120180E94CC061E
:1029400080911F18909120180E94000780912518EF
:10295000843008F0A1C284E497E10E9463278823B1
:1029600009F4ADC184E497E10E94632780932017A6
:10297000882309F4A4C150E040E06091201780E072
:102980000E9484070E94DF0884E497E10E943807D0
:10299000E9CF81EA98E0EBCD81EA98E0FCCD809127
:1029A00000181F928F93809101181F928F9380912E
:1029B00002181F928F93809105181F928F93809118
:1029C00004181F928F93809103181F928F938EEF9C
:1029D00098E09F938F930E9491030FB6F894DEBF07
:1029E0000FBECDBF1DCE81EA98E06FCE8052FDCEE6
:1029F0008D3009F0F3CE0BCF0E94720480911A172C
:102A0000815080931B1826E0622E3EE9E32E3AE0C7
:102A1000F32E43EAC42E4AE0D42E80911B188F5F18
:102A2000662D0E94744590931B18FF92EF920E94AE
:102A3000910380911B180E940608DF92CF920E949A
:102A400091030E94C60890E080E00E940709782E5A
:102A50000F900F900F900F908DE0781619F09BE17A
:102A60007912DBCF8BEB96E09F938F930E949103BB
:102A70000F900F902DE0721209C060911B186093A7
:102A80001A1787E690E00E943E0303C08DE0809312
:102A90001C1860911C1866330CF0A4CC6D3009F43E
:102AA000A1CC6153609325188A81882309F4F1CE63
:102AB00084E690E0653008F085C00E943E03E9CED0
:102AC0000E94580AE6CF61E080912117811160E0F1
:102AD0006093211785E690E0D6CF0E94720488E6C5
:102AE00090E00E941503815080931B188AE0D82E35
:102AF00096EBE92E9AE0F92E80911B188F5F6D2DD1
:102B00000E94744590931B1834E0939FF0011124A8
:102B1000E45EF04F83818F9382818F9381818F93C5
:102B200080818F93FF92EF920E9491030E94C608CA
:102B300090E080E00E940709C82E0F900F900F9040
:102B40000F900F900F908DE0C81619F09BE1C912FD
:102B5000D3CF8BEB96E09F938F930E9491030F90BE
:102B60000F902DE0C21295CF88E690E00E941503E9
:102B700060911B18861709F48CCF88E690E00E94BC
:102B80003E0382EC9AE09F938F930E9491030F90F3
:102B90000F907FCF0E94F9097CCF81E03A813827DE
:102BA0003A83632F8AE690E06ECF0E94AE0F71CF1A
:102BB0000E94700D882309F46CCF0E9494320E9409
:102BC000613167CF0E9415038093251862CE833050
:102BD00009F472C0843009F09ACEEDEAF0E08591F4
:102BE000949190932418809323188AE692E090930E
:102BF00022188093211880E19DEF48C081E39BE07B
:102C000090932317809322171092201810921F1868
:102C100081E080931E187BCE8DE39BE09093231779
:102C20008093221780E091E031C080911A178230A2
:102C300091F170F4882311F1813009F068CE83E5B9
:102C40009BE0909323178093221780E890E01EC0AA
:102C5000843079F118F1853009F059CE8DE79BE089
:102C600090932317809322171092201810921F1808
:102C700081E080931E1810921D1849CE89E49BE0D4
:102C8000909323178093221780EE91ED9093201854
:102C900080931F183CCE8EE59BE0C0CF89E69BE079
:102CA00090932317809322171092201810921F18C8
:102CB0002ECE85E79BE0F4CF87E89BE0F1CF8091B3
:102CC0002217909123170E94712880932017882340
:102CD00041F140912217509123176091201781E014
:102CE0000E9484070E94DF08809122179091231789
:102CF0000E94712880932017833081F084E497E14B
:102D00000E94380784E497E10E94380780912217D7
:102D1000909123170E94712880932017809120178B
:102D2000D6CF809123178F93809122178F9384E9B8
:102D30009BE09F938F930E9491030E9494320F9087
:102D40000F900F900F906FE177E184E297E10E947E
:102D50003E078093201710921B18E0911B1880915A
:102D60001F17E81760F4F0E0EC5DF84E80810E94D8
:102D7000CC0680911B188F5F80931B18EECF60915B
:102D80002017803281F46623F1F24091221750918E
:102D9000231782E00E9484070E94DF0890E080E011
:102DA0000E94760702C06111F0CF80912017811137
:102DB000CACF83ED9BE09F938F930E94910360E0C5
:102DC00086E10E94503F8091B6008F7D8093B600CF
:102DD0008091B10081608093B1008091B100897FC2
:102DE0008093B1008091B00082608093B0008091A8
:102DF000B0008E7F8093B0008091B000806480939B
:102E0000B0008091B0008F778093B00080911A1845
:102E10008093B30061E08FE00E94143F8BED9BE054
:102E20009F938F930E9491030E9494320E94C60840
:102E3000109280008BE08093810084E39CE090936B
:102E400089008093880082E086BB61E070E080E0CA
:102E500090E00E945E3E61E086E10E94503F109249
:102E60000D180F900F900F900F900F900F900F90E4
:102E70000F90DF91CF911F910F91FF90EF90DF9016
:102E8000CF90BF90AF909F908F907F906F905F900A
:102E90004F903F902F90089586EB9BE09F938F93E8
:102EA0000E9491030F900F901C821B828091211829
:102EB000909122182B813C812817390708F079CF8F
:102EC000E0912318F0912418E20FF31F84910E94DF
:102ED000CC068B819C8101969C838B83E7CFCF931B
:102EE000DF93EC01188268E670E081EE90E30E94C7
:102EF000FC3A81EE90E30E94773B811136C081E07D
:102F0000888368E670E081EE90E30E94FC3A6FE00F
:102F100070E081EE90E30E941E0381EE90E30E9438
:102F2000773B41E068E681EE90E30E94743B81EEDE
:102F300090E30E94273A8078898368E670E081EE0A
:102F400090E30E94FC3A6EE070E081EE90E30E9414
:102F50001E0370E060E081EE90E30E941E0381EEAC
:102F600090E3DF91CF910C94773BDF91CF9108955F
:102F7000AF92BF92CF92DF92EF92FF920F931F9387
:102F8000CF93DF93CDB7DEB766970FB6F894DEBF69
:102F90000FBECDBF61E086E10E94143F60E086E194
:102FA0000E94503F61E080E00E94143F61E080E0B9
:102FB0000E94503F11B88FEF82B961E08BE00E9410
:102FC000503F61E08BE00E94143F60E085E00E948A
:102FD000503F61E085E00E94143F61E087E00E947D
:102FE000143F60E086E00E94143F62E081E00E94AE
:102FF000143F61E081E00E94143F61E081E00E94A3
:10300000503F61E082E00E94143F61E082E00E9454
:10301000503F62E083E00E94143F61E08EE00E9436
:10302000503F61E08EE00E94143F62E085E10E9423
:10303000143F62E084E10E94143F62E083E10E9459
:10304000143F62E082E10E94143F61E08FE00E9441
:10305000143F61E087E10E94143F62E08AE00E9431
:10306000143F60E082E00E94503F86E690E00E94BC
:1030700015038F3F09F46FC180931A1880911A18B5
:103080008A3018F089E080931A1887E690E00E9451
:10309000150380931A17863038F060E087E690E0D9
:1030A0000E943E0310921A1788E690E00E941503D2
:1030B00024E0829FF0011124E45EF04FF080E18073
:1030C000D280C38026E04F2D5E2D6D2D7C2D8DE8A6
:1030D00091E30E94974064EF71E080E090E00E94ED
:1030E0005E3E81EE90E30E94DC3A40E85AE166E001
:1030F00070E081EE90E30E94EE3A64E570E081EECC
:1031000090E30E94FC3A81EE90E30E94773B8111AC
:1031100003C081E08093F2178091F217882309F4AD
:103120001CC14AE06CEF77E190E080E00E94F40E71
:103130008091FC179091FD17A091FE17B091FF1799
:103140008F3F9F4FAF4FBF4F41F41092FC1710922B
:10315000FD171092FE171092FF1788E690E00E946C
:1031600015038A3028F069E088E690E00E943E036B
:103170000E94192D80931717882309F495C00E9487
:10318000E82D80E59FE00E94FD2C8BE097E09F9367
:103190008F938BE197E09F938F938CEF9BE09F93AE
:1031A0008F938E010F5F1F4F1F930F930E9434491F
:1031B000A80160E080E00E947F2ECF92DF92EF9224
:1031C000FF9287E09CE09F938F931F930F930E9441
:1031D0003449A80161E080E00E947F2E8091FF17B2
:1031E0008F938091FE178F938091FD178F9380911D
:1031F000FC178F9385E19CE09F938F931F930F9310
:103200000E943449A80163E080E00E947F2E0FB63F
:10321000F894DEBF0FBECDBF8091FC179091FD17D3
:10322000A091FE17B091FF17892B8A2B8B2B51F1A0
:10323000809100181F928F93809101181F928F9395
:10324000809102181F928F93809105181F928F937F
:10325000809104181F928F93809103181F928F936F
:1032600083E29CE09F938F931F930F930E943449B6
:10327000A80164E080E00E947F2E0FB6F894DEBFC4
:103280000FBECDBF43E45CE066E080E00E947F2E8D
:103290004FE554E067E080E00E947F2E46E554E071
:1032A00067E080E50E947F2E60E270E081EE90E3AF
:1032B0000E94FC3A81EE90E30E94773B811119C095
:1032C00081E08093281860E270E081EE90E30E9434
:1032D000FC3A6CE070E081EE90E30E941E0365E032
:1032E00070E081EE90E30E941E0381EE90E30E9465
:1032F000773B84E497E10E94380784E497E10E94D9
:1033000038070E94313180914318882321F00E94B0
:10331000ED030E94613183EF97E10E946F17809166
:10332000F317882321F083EF97E10E94540F80E088
:103330000E94441166960FB6F894DEBF0FBECDBF53
:10334000DF91CF911F910F91FF90EF90DF90CF9081
:10335000BF90AF90089581E08FCE8CEFA82E87E1CB
:10336000B82E10E000E0C8010E94474CF50181939F
:103370005F010F5F1F4F0A301105A9F7D9CEEF92F9
:10338000FF920F931F93CF93DF93F090F217FF20DC
:10339000D1F1142F7B01EC0164E570E081EE90E344
:1033A0000E94FC3A6D2F70E081EE90E30E941703BB
:1033B000BE01772781EE90E30E941703412F50E072
:1033C000B70181EE90E30E94AF3A8C01F82E61E0E4
:1033D00081EE90E30E94FE3ADF93CF9311271F9373
:1033E0000F9389E49CE09F938F938DE891E39F93E3
:1033F0008F930E9432428DB79EB708960FB6F8940D
:103400009EBF0FBE8DBF8F2DDF91CF911F910F916A
:10341000FF90EF900895EF92FF920F931F93CF9339
:10342000DF9300D0CDB7DEB781E01B9B02C00C94C8
:103430004A2380930718339915C696B194709093D8
:103440002D1820B120932C1880912B18992309F462
:1034500032C18F3FA9F090912A189F93909129181B
:103460009F931F928F931F922F938AE69CE09F93C6
:103470008F930E9491030FB6F894DEBF0FBECDBFAD
:1034800080912C1880932B1810922A1810922918CA
:103490005E98289A4A99FECF28985E9AB19B86C07A
:1034A00082E086BB809112188F5F809312189091F2
:1034B0004318992319F091E0909319178A3008F472
:1034C0005EC010921218809111188F5F80931118AE
:1034D0000BB155985D9A18B13F98479A82E090E0F9
:1034E0000E94973E89B185FB882780F991E0892762
:1034F00080930C1805FD02C00C944E235D9A559ADA
:10350000379905C080910C18826080930C1817FDC4
:1035100002C00C94512347983F9A80910C1888233D
:1035200019F080E80E94842D80910E18813011F0EE
:103530000C9454230E94441110920E18809111187B
:103540008A30E8F0109211180E94A42D80910B1877
:103550008823A9F090910618992311F40C947323F1
:1035600090910718992311F40C9473231092081862
:103570008F7780930918109207181092061880917F
:103580001D18882399F080911318865F8093131873
:1035900090911418891750F01092131881E08093BD
:1035A0001718809118188260809318180E94AC0830
:1035B000882389F080911E18813069F49091101849
:1035C000992349F08093171880911818816080938F
:1035D00018181092101880911718882379F080918C
:1035E0002B188D3059F08091151890911618981756
:1035F00011F08F3F19F4299810921718809117171E
:10360000882381F0809113179091141782309105CF
:1036100011F40C94F42310F00C94E323019711F4AB
:103620000C94F023109214171092131780914318E2
:103630008823C1F180E00E948A3910E000E08823ED
:1036400081F080915C2490915D249A5F20915E24AA
:1036500030915F24821B930B60E076E00E948045EE
:103660008C0181E00E948A39882389F080918F3013
:10367000909190309A5F2091913030919230821BDE
:10368000930B60E076E00E948045080F191F80913F
:103690001917811103C00536110520F01092191772
:1036A0000E9494320F900F90DF91CF911F910F9154
:1036B000FF90EF9008958E3408F0C6C4E82FF0E034
:1036C000EC59F44E0C94B645B21BD01B2420E01BE1
:1036D000FE1B0E1C1C1C2A1C381C461C641C911C46
:1036E000A51CFF1C181D211D271D2B1DBA1D2420E4
:1036F00024202420242024202420242024202420AA
:103700002420242024202420242024202420242099
:103710002420242024202420242024202420242089
:103720002420242024202420242024202420242079
:103730002420242024202420242024202420242069
:103740002420242024202420FD1D041E3C1E4A1E6B
:103750006E1E061F101F24202420341F5D1F841F8F
:10376000D81FF81F60E020FF61E08DE00E94503F0D
:1037700080912B188A3009F48BCE8C3009F488CED6
:103780009FEB980F923008F483CE843409F480CEF6
:103790008954853008F47CCE8FEF80932B1878CE37
:1037A000622F8DE891E30E944A408091431888235C
:1037B000F9F28091491860912C1881FFD9CF2CC360
:1037C0002093071780912818882309F445C260E2E6
:1037D00070E081EE90E30E94FC3A62E170E081EEDD
:1037E00090E30E941E0360912C1881EE90E30E94EA
:1037F000803A81EE90E30E94773BBACF2093061780
:1038000080912818882309F427C260E270E081EED5
:1038100090E30E94FC3A63E170E0E1CF80912818C8
:10382000882309F419C260E270E081EE90E30E94FF
:10383000FC3A70E060E0D3CF80912818882309F427
:103840000BC260E270E081EE90E30E94FC3A61E01E
:1038500070E0C5CF80912818882309F4FDC160E28B
:1038600070E081EE90E30E94FC3A6CE070E0B7CF2C
:1038700080912818882309F4EFC160E270E081EE9E
:1038800090E30E94FC3A6DE070E0A9CF80E124361D
:10389000C0F480911A17805D80931401822F6AE032
:1038A0000E94744590E3980F90931601205D36EFC7
:1038B000839F200D11242093170182E191E00E9443
:1038C00071288093060154CF8091291890912A186D
:1038D000422F50E0009751F450931E1740931D174C
:1038E000019690932A188093291842CF20911D1792
:1038F000342F30931E1720931D1740911C1721154C
:10390000324040F4403248F4109206012FEF2093E9
:103910002B18E6CF21E1403208F022E12093060186
:10392000F5CF20931C1780911D1790911E178115BC
:10393000924028F4203238F41092060119CF81E128
:10394000203208F4BECF82E1BCCF8091291890913B
:103950002A18892BD1F480911D1790911E1781157B
:10396000A2E09A0790F420911C17203270F4309155
:10397000060131110AC055E0880F991F5A95E1F7E9
:10398000822B0E94760780930601809106018111A7
:1039900031C0809129188F71E82FF0E0EC5DF84E6E
:1039A00090912C1890838F3129F56BE177E184E2B7
:1039B00097E10E9457078093060180911B17803280
:1039C00018F483E1809306018091291890912A18B8
:1039D0008F3F914078F080910601811108C06BE122
:1039E00077E190E080E00E945707809306018FEF17
:1039F00080932B188091291890912A1871CF2F301D
:103A000050F45C9A80912C18809316185C988FEF74
:103A100080932B18ADCE1F922F9385EB9CE09F9344
:103A20008F930E9491030F900F900F900F90EFCF04
:103A3000822F817080931E182695217020931D1867
:103A400097CE222309F408C12093141891CE217037
:103A500020930F188DCE80912818882309F4FCC07C
:103A600081E080932718211180E08093261860E27E
:103A700070E081EE90E30E94FC3A62E170E081EE3A
:103A800090E30E941E0360912618660F656070E047
:103A900081EE90E30E941E0381EE90E30E94773B4B
:103AA00060E270E081EE90E30E94FC3A70E060E03A
:103AB00081EE90E30E941E0368EF70E081EE90E3D8
:103AC0000E941E0381EE90E30E94773B60E270E06B
:103AD00081EE90E30E94FC3A61E070E081EE90E3B9
:103AE0000E941E0370E060E081EE90E30E941E03DE
:103AF00081EE90E30E94773B60E270E081EE90E31C
:103B00000E94FC3A6CE070E081EE90E30E941E039C
:103B10006FEF70E081EE90E30E941E0381EE90E370
:103B20000E94773B10912618110F60E270E081EE41
:103B300090E30E94FC3A62E170E081EE90E30E9423
:103B40001E03612F616081EE90E30E94803A81EE56
:103B500090E30E94773B60E270E081EE90E30E9488
:103B6000FC3A62E170E081EE90E30E941E03612F57
:103B700065603BCE80912718882309F46DC060E210
:103B800070E081EE90E30E94FC3A63E170E081EE28
:103B900090E30E941E0360912C1881EE90E30E9436
:103BA000803A81EE90E30E94773B10912618110F26
:103BB00060E270E081EE90E30E94FC3A62E170E026
:103BC00081EE90E30E941E03612F6C6F81EE90E303
:103BD0000E94803A81EE90E30E94773B60E270E0C1
:103BE00081EE90E30E94FC3A62E170E081EE90E3A6
:103BF0000E941E03612F6D6FF8CD81EF820F803F11
:103C000058F120931518B4CD8091291890912A1855
:103C10008A30910508F5FC01E85FF84E2083019693
:103C200090932A188093291883309105C1F48091CC
:103C30000817811111C08091091780931617809180
:103C40000A178093151782E090E0909314178093E1
:103C500013178FEF80932B1880912B1891CD813003
:103C6000910509F0CFC5209108172130A9F790934D
:103C7000141780931317CBCE222349F020931217E9
:103C800083E090E0909314178093131771CD82E036
:103C900090E0EDCF223078F4209318171F922F93E5
:103CA0008EEC9CE09F938F930E9491030F900F9056
:103CB0000F900F905DCD1F922F9385EE9CE09F9308
:103CC0008F938DE891E39F938F930E9432420F90E0
:103CD0000F900F900F900F900F904ACD8091181772
:103CE000482F50E0823008F085C020FF17C083E3E2
:103CF0009CE0489FF001499FF00D589FF00D112462
:103D0000EC5BF74E8681882349F0168288E09DE0BF
:103D10009F938F930E9491030F900F90809118179B
:103D200003E31CE0809FF001819FF00D1124EC5B08
:103D3000F74E958120912C184091291850912A18FE
:103D4000452BE9F4922B95831F928F931F929F939B
:103D50001F922F938DE29DE09F938F930E9491037A
:103D60008091291890912A18019690932A1880938F
:103D700029180FB6F894DEBF0FBECDBFF9CC322F95
:103D800030959323958323FF17C00E948A398111B0
:103D900013C020911817209FC001219F900D11245E
:103DA0008C5B974EFC01E65EF34F885E934FDC011F
:103DB0008D919C9191838083809118171F928F938E
:103DC00023E33CE0829FF001839FF00D1124EC5B24
:103DD000F74E85811F928F9380912C181F928F939D
:103DE00087E69DE09F938F930E9491038FEF8093CE
:103DF0002B18BFCF1F928F9381EA9DE09F938F93E3
:103E00000E9491038FEF80932B1850CF809143181D
:103E1000882309F421CF622F80E00E94B439A8CC16
:103E200080914318882309F417CF622F81E00E9404
:103E3000B43980917C2481FF9BCC80912C181F92F7
:103E40008F938FE495E09F938F938DE891E39F93F9
:103E50008F930E943242809149180F900F900F90DB
:103E60000F900F900F90A7CC8091071740912918C1
:103E700050912A18452B31F4282B2093071781E005
:103E800090E02FCD20958223809307178FEF8093AA
:103E90002B1880912818882309F4DECE60E270E0A8
:103EA00081EE90E30E94FC3A62E170E081EE90E3E3
:103EB0000E941E036091071798CC809106174091CD
:103EC000291850912A18452B21F4282B20930617E6
:103ED000D6CF20958223809306178FEF80932B18DF
:103EE00080912818882309F4B7CE60E270E081EE53
:103EF00090E30E94FC3A63E170E081EE90E30E945F
:103F00001E036091061771CC8091291890912A1890
:103F1000892B29F420930A1810920B18B0CF909196
:103F20000A18822F8095891332C080930B188F77DF
:103F3000809309181092081810920718109206180A
:103F4000FAE08F9FC00111249F938F9386EC9DE030
:103F50009F938F930E9491030F900F900F900F905B
:103F600080910918882381F080910B1887FF09C080
:103F700082EE9DE09F938F930E9491030F900F908C
:103F800046CD8FEF9DE0F6CF83E19EE0F3CF1F9209
:103F90002F931F929F9380E29EE09F938F930E94A6
:103FA00091030F900F900F900F900F900F902FCDC7
:103FB0008091291890912A18009731F430E03093BD
:103FC000F1172093F0178CCC8130910551F440917A
:103FD000F0175091F117522B5093F1174093F017AF
:103FE0007FCC213818F42093EF1790CC20E8FBCF3A
:103FF0008091291890912A188038910520F4FC01AD
:10400000E259F84E2083019690932A18809329183C
:104010004091EF174817190609F01ECE6EE677E1BA
:104020008091F0179091F1170E94BF198093EE17BD
:104030002091F0173091F117820F932F911D9093DB
:10404000F1178093F017E3CC1F928F931F922F9359
:1040500084E49EE09F938F930E9491038FEF80935F
:104060002B1835CE34990FC386B1847080932D18E8
:1040700010922C18882309F44EC08FEF80932C18CF
:104080008DE891E30E94A73F181619060CF58DE8FC
:1040900091E30E94C43F80932C181092191861E09C
:1040A00081E00E94503F809118188E7F80931818ED
:1040B00081E0809310188FEF81B980912C1882B91C
:1040C0005E98289A4A99FECF11B88FEF82B9E4C959
:1040D00080915A1E90915B1E2091581E3091591E5E
:1040E00028173907A1F02091491821FF10C0FC01C1
:1040F000EC5BF74E248920932C18019660E076E063
:104100000E94804590935B1E80935A1EC6CF81E02B
:1041100080931918C4CF80912B18893809F429C2CB
:1041200008F04DC0843809F487C1D0F5813809F40E
:104130004FC198F4803809F448C11F928F9388ECDE
:104140009EE09F938F938DE891E39F938F930E94BE
:1041500032428FEF80932B1831C2823809F45EC14E
:10416000833859F70E94AC0850E0811154E09091D7
:10417000F317892F90E0880F991F609121172091E4
:10418000191848E0211101C040E020910F1870E19A
:10419000279F90011124822B862B852B842B78C09E
:1041A000863809F492C108F48DC1873809F4DCC15E
:1041B000883819F68DE891E30E94DE3F69C0833CA0
:1041C00009F415C208F077C0803C09F4D9C158F54C
:1041D0008A3809F0B2CF80912718882309F467C084
:1041E00060E270E081EE90E30E94FC3A62E170E0F0
:1041F00081EE90E30E941E0381EE90E30E94773BE4
:1042000060E270E081EE90E30E94FC3A41E060E2FF
:1042100081EE90E30E94743B81EE90E30E94273A86
:10422000887F816035C0813C09F4DEC1823C09F0A1
:1042300084CF11E020918B2A30918C2A80918D2A95
:1042400090918E2A2817390709F410E081E00E9426
:104250008A39880F812B90912C18892B880F880F11
:1042600080932C1811E02091581E3091591E809196
:104270005A1E90915B1E2817390709F410E080E060
:104280000E948A39880F982F912B80912C18892BA6
:1042900080932C1880912B18982F9D7F943809F4C7
:1042A0000ACF873C09F407CF893C09F404CF8FEF8C
:1042B00080932B1800CF873C09F4BCC108F040C0A4
:1042C000843C09F03ACF8FEF80932C1880918D2A8F
:1042D00090918E2A20918B2A30918C2A28173907A9
:1042E00031F3FC01E557FB4D208120932C180196FA
:1042F00060E076E00E94804590938E2A80938D2A1C
:1043000080917C2481FFD3CF1F922F938FE495E07F
:104310009F938F938DE891E39F938F930E943242F6
:10432000809149180F900F900F900F900F900F9061
:1043300081FFB0CF60912C1880E00E94B439AACFE1
:10434000883C09F49DC1893C09F0F7CE8091291879
:1043500090912A18892B99F48091EF17813818F0E1
:1043600080E88093EF174091EF176EE677E1809138
:10437000F0179091F1170E94F40E8093EE17809140
:10438000291890912A188038910530F4FC01E259DF
:10439000F84E208120932C18019690932A18809330
:1043A00029182091EF172817190609F073CF80916B
:1043B000EE172091F0173091F117820F932F911D76
:1043C0009093F1178093F01779C080910C1860CF0B
:1043D00080912818882309F46ACF60E270E081EEAA
:1043E00090E30E94FC3A62E170E081EE90E30E946B
:1043F0001E0381EE90E30E94773B60E270E081EE65
:1044000090E30E94FC3A41E060E281EE90E30E947A
:10441000743B81EE90E30E94273A3ACF80912818AE
:10442000882309F444CF60E270E081EE90E30E94BB
:10443000FC3A63E170E0D9CF8091F3178823F1F162
:104440008091291890912A18892B21F483EF97E104
:104450000E94540F8091291890912A188730910555
:1044600008F018CF2091F81783309105E9F068F42F
:104470002091F61781309105B9F02091F71782301D
:10448000910591F02091F5170FC02091FA17853012
:10449000910551F02091F9178530910528F0209170
:1044A000FB178630910571F720932C180196909395
:1044B0002A1880932918079709F0ECCE8FEF809384
:1044C0002B18E8CE80910601E3CE809129189091B7
:1044D0002A18892BD1F480911D1790911E178115F0
:1044E000A2E09A0790F420911C17203270F43091CA
:1044F000060131110AC035E0880F991F3A95E1F79E
:10450000822B0E947607809306018091060181111B
:104510001EC0109129181F7199F46FE177E184E2B0
:1045200097E10E943E078093060180911F17803219
:1045300018F483E18093060180910601811107C080
:10454000E12FF0E0EC5DF84E808180932C18809193
:10455000291890912A188F3FB1E09B0708F484C076
:104560002FEF20932B1880C084E497E10E946327EB
:104570008FCE8091181880932C18109218188ACE1C
:1045800080911817482F50E08230F8F423E33CE084
:10459000429FF001439FF00D529FF00D1124EC5B00
:1045A000F74E958190932C181F928F931F929F9393
:1045B00082E89EE09F938F930E9491030F900F904B
:1045C0000F900F900F900F9065CE1F928F9383EAFC
:1045D0009EE09F938F938DE891E39F938F930E942A
:1045E000324210922C18EACF8091161851CE8FEFDC
:1045F00080932C1880915A1E90915B1E2091581E1A
:104600003091591E2817390709F451CE20914918C5
:1046100021FD4DCEFC01EC5BF74E248920932C1834
:10462000019660E076E00E94804590935B1E809347
:104630005A1E30CE8091291890912A18209118176F
:1046400030E043E35CE0249FF001259FF00D349FB0
:10465000F00D11248430910568F4E80FF91FE05A39
:10466000FB4D208120932C18019690932A1880935B
:10467000291810CEEC59FB4D208120932C1870CFB7
:104680008091EE1705CE299A5E98289A4A99FECF16
:104690000C944C1A809306180C944E1A5D980C9446
:1046A0007F1A479A0C948C1A823061F40E94D703C7
:1046B0008FEF9EE09F938F930E9491030F900F9036
:1046C0000C949C1A833031F481E080931D188BE0A8
:1046D0009FE0F0CF843011F00C949C1A10921D18BA
:1046E00083E19FE0E7CF809108188F5F8A3020F444
:1046F000809308180C94BF1A10920818809109181A
:1047000081508093091881110C94BF1A8091FC1775
:104710009091FD17A091FE17B091FF170196A11D72
:10472000B11D8093FC179093FD17A093FE17B093D3
:10473000FF1783EF97E10E94540F8091F517809344
:1047400000188091F617809301188091F7178093D5
:1047500002188091F817809303188091F9178093BD
:1047600004188091FA17809305188091F217882316
:1047700091F04AE06CEF77E190E080E00E94BF1991
:1047800080910B1887FF1CC080E00E94441110929A
:104790000B180C94BF1A8CEFE82E87E1F82E10E06E
:1047A00000E01A830983F70161917F01CE01019630
:1047B0000E9425030F5F1F4F0A30110591F7E0CFCC
:1047C0000E94D703E4CF83309105B1F0049711F034
:1047D0000C94121B809112170E94842D0C94121BB2
:1047E0000E94E82D0C94121B6091151780911617EA
:1047F0000E94712D0C94121B809112170E941D2E85
:104800000C94121B029711F00C94481A809108170F
:10481000823009F021CA84E090E0909314178093CD
:1048200013178091091780931217F1C88EBD0DB42C
:1048300007FEFDCF08958FEF0E9416248EB50895D0
:10484000FF920F931F93CF93DF93C82FD42F152F71
:10485000062FF72E80913C1881113FC083E58CBD57
:104860001DBCC7FF09C040E050E0BA0187E70E94C5
:104870002024823060F5CF7761E084E00E94503FD1
:104880000E941B2460E084E00E94503F0E941B2491
:104890008C2F0E9416248F2D0E941624802F0E9498
:1048A0001624812F0E9416248D2F0E94162485E93C
:1048B000C03421F087E8C83409F081E00E94162452
:1048C000CAE00E941B2487FF02C0C150D1F7DF91CC
:1048D000CF911F910F91FF90089580E58CBD81E0ED
:1048E0008DBDBFCF0F931F93CF93DF93C0913A1825
:1048F000D0913B182197CD3F8FEFD80721F080E072
:104900000E941624F7CF0E941B248F71853079F006
:10491000D1E0C0E061E084E00E94503F0E941B248F
:104920008D2F9C2FDF91CF911F910F91089508E853
:1049300013E1C4EFD1E00E941B248F3F49F0011521
:10494000110531F3CE010197F1F701501109F3CFB1
:10495000D1E0C0E0012BF1F2D0E0DCCFAF92BF920A
:10496000CF92DF92EF92FF920F931F93CF93DF933B
:1049700000D000D0CDB7DEB780913C18882339F045
:1049800084E00E947E3F892B11F40E94722461E032
:1049900084E00E94503F61E084E00E94143F61E0A7
:1049A00085E00E94143F61E087E00E94143F61E0CF
:1049B00084E00E94143F83E58CBD1DBC61E084E06F
:1049C0000E94503F1AE00E941B241150E1F740E082
:1049D00050E0BA0180E40E942024182F8130D9F0E1
:1049E00010E010933C1861E084E00E94503F0E9468
:1049F0001B2481E0111180E00F900F900F900F9019
:104A0000DF91CF911F910F91FF90EF90DF90CF90AA
:104A1000BF90AF9008954AEA51E060E070E088E40A
:104A20000E942024813079F5CE0101967C016E012F
:104A300095E0C90ED11C87010E941B24F8018193C7
:104A40008F01CE16DF06C1F78B81813049F68C814C
:104A50008A3A31F620E1C22E27E2D22E34EFA32E7D
:104A6000BB24B39440E050E060E070E489EE0E9423
:104A70002024882359F1C5010197F1F7F1E0CF1AFD
:104A8000D10881F7ADCF40E050E0BA0189EE0E9435
:104A9000202401E4823010F412E009EE80E1E82ED7
:104AA00087E2F82E94EFC92EDD24D39440E050E045
:104AB000BA01802F0E9420248823F1F0C6010197BB
:104AC000F1F7F1E0EF1AF10889F78ACF40E050E002
:104AD000BA018AE70E942024811182CF0E941B2400
:104AE000F70181937F010E171F07C1F789811CE031
:104AF00086FD77CF14E075CF40E052E060E070E0D3
:104B000080E50E942024882309F46BCF69CFCF92DF
:104B1000DF92EF92FF920F931F93CF93DF937C016D
:104B2000690180913C1883FD07C089E0440F551F3F
:104B3000661F771F8A95D1F781E50E942024811195
:104B400008C0C0E4DCE90E941B248F3F29F42197B0
:104B5000D1F7C1E0D0E022C08E3FD9F7C2E0D2E069
:104B6000C01BD10BCC19DD0981E0C81AD10818F09F
:104B70000E941B24F9CFE114F10401F10E0D1F1D59
:104B80000E941B24F70181937F010E171F07C1F7B5
:104B90000E941B242197E1F7D0E0C0E061E084E0AF
:104BA0000E94503F0E941B24CE01DF91CF911F91A4
:104BB0000F91FF90EF90DF90CF9008950E941B24FB
:104BC00001501109D9F7E4CFEF92FF920F931F9391
:104BD000CF93DF930097C9F0EA018C012097B1F1E0
:104BE000E0903A18F0903B18E114F10479F1F801E3
:104BF00081918F010E941624F1E0EF1AF108F092E2
:104C00003B18E0923A182197E9CF4115510561050B
:104C1000710529F180913C1883FD07C089E0440F9C
:104C2000551F661F771F8A95D1F788E50E942024BB
:104C300081111DC08FEF0E9416248EEF0E94162452
:104C400080E092E090933B1880933A1890E080E0E7
:104C5000DF91CF911F910F91FF90EF900895DF9119
:104C6000CF911F910F91FF90EF900C94722481E0EF
:104C700090E0EECF0F931F93E0913D18F0913E1816
:104C80009B01AC012250310941095109868197816C
:104C9000A085B1850297A109B109281739074A07EC
:104CA0005B0778F4A281B0E00E94CE4502891389A7
:104CB00024893589600F711F821F931F1F910F91E7
:104CC000089560E070E0CB01F9CF0F931F93CF936D
:104CD000DF93EC01E0913D18F0913E1819821882A3
:104CE0006C817D818E819F81613071058105910587
:104CF00081F1068117812085318560177107820750
:104D0000930738F5611571058105910539F4208106
:104D1000233021F466857785808991896887798732
:104D20008A879B87611571058105910569F00E944D
:104D30003A266C877D878E879F8790E080E0DF91A1
:104D4000CF911F910F91089566857785808991890C
:104D5000F0CF81E090E0F3CF0F931F93CF93DF93D9
:104D600000D000D0CDB7DEB7623071058105910566
:104D700028F461E070E080E090E055C0E0913D18DB
:104D8000F0913E18068117812085318560177107E3
:104D90008207930770F7AB01BC018081823031F14B
:104DA000833039F79A012F773327220F331F220FD1
:104DB000331F97E076956795579547959A95D1F764
:104DC00082859385A485B585480F591F6A1F7B1F6F
:104DD00004E010E0CE0101960E948725892B49F658
:104DE00069817A818B819C819F701DC09A013327D4
:104DF000220F331F452F562F672F772782859385E4
:104E0000A485B585480F591F6A1F7B1F02E010E07B
:104E1000CE0101960E948725892B09F0AACF6981CE
:104E20007A8190E080E00F900F900F900F90DF91CB
:104E3000CF911F910F910895CF92DF92EF92FF9241
:104E40000F931F93CF93DF93EC016A017B0102E084
:104E500010E02EEF31E00E948725892B31F5888103
:104E6000998185359A4A59F526E330E0B701A601C4
:104E7000CE010E948725892B29F488819981863467
:104E8000914489F002E010E022E530E0B701A6018C
:104E9000CE010E948725892BA1F481E028813981E8
:104EA0002634314419F480E001C083E0DF91CF91D2
:104EB0001F910F91FF90EF90DF90CF90089582E0C7
:104EC000F5CF81E0F3CF2F923F924F925F926F9296
:104ED0007F928F929F92AF92BF92CF92DF92EF928A
:104EE000FF920F931F93CF93DF93CDB7DEB7A497B5
:104EF0000FB6F894DEBF0FBECDBF1C0110923E1856
:104F000010923D180E94AE2480FDC3C040E050E0E6
:104F1000BA01CE0101960E941C27412C512C32016E
:104F20008130C1F500E110E02EEB31E040E050E0CF
:104F3000BA01CE0101960E948725892BD9F081E024
:104F400090E0A4960FB6F894DEBF0FBECDBFDF9100
:104F5000CF911F910F91FF90EF90DF90CF90BF9076
:104F6000AF909F908F907F906F905F904F903F9009
:104F70002F9008958D81811103C086E090E0E1CFEC
:104F800049845A846B847C84B301A201CE010196CA
:104F90000E941C27833099F28111EFCF04E210E0C8
:104FA0002DE030E0B301A201CE0101960E948725D9
:104FB000892B29F62A853B8550E040E021153105F3
:104FC0004105510521F4288D398D4A8D5B8DAC81C9
:104FD000B0E00E94CE454B015C014A815B8170E0EC
:104FE00060E0440E551E661E771EF1014286538610
:104FF0006486758629812283CD80DE80D582C48235
:105000008F819885B0E0A0E00097A105B10521F45B
:105010008C899D89AE89BF8934E0D694C7943A952E
:10502000E1F7F12CE12C841B950BA60BB70BBC010F
:10503000CD01681979098A099B096C197D098E09C6
:105040009F0930E050E040E00E949445DA01C90138
:105050000296A11DB11DF10186839783A087B187B8
:10506000265F3F40410951092F3F3F4E4105510501
:1050700098F0873F9F4FA105B10598F47ECF82E05D
:10508000F1018083D301C201880D991DAA1DBB1DAA
:105090000FC082E090E055CF873F9F4FA105B1053B
:1050A00070F383E0F101808388A199A1AAA1BBA13B
:1050B00086879787A08BB18BC40CD51CE61CF71C88
:1050C000C80CD91CEA1CFB1CF101C28AD38AE48AF1
:1050D000F58A118230923E1820923D1890E080E0CF
:1050E00030CF4F925F926F927F928F929F92BF923A
:1050F000CF92DF92EF92FF920F931F93CF93DF93A4
:10510000CDB7DEB7EC970FB6F894DEBF0FBECDBFBC
:10511000C0903D18D0903E18C114D10409F40DC1BF
:10512000F60111829E012F5C3F4F3CA32BA39C01F3
:105130007901F90180812F5F3F4F8032C9F38F32AF
:1051400009F479011DA21EA21FA218A6F7018081F1
:10515000A0E2BA2E803208F0DDC0CE0181960E9416
:1051600065261982009709F410C1EC960FB6F894E1
:10517000DEBF0FBECDBFDF91CF911F910F91FF908A
:10518000EF90DF90CF90BF909F908F907F906F9027
:105190005F904F90089520E0E0E088E0D8C0E30EF3
:1051A000F11C81E0913208F080E01B968C93CE01D7
:1051B00081960E9465260097C1F629A13AA12F7019
:1051C0003327F5E0220F331FFA95E1F74DA55EA5D1
:1051D0006FA578A900E210E0CE0101960E94872514
:1051E000892B19F081E090E0C0CF8981811103C043
:1051F00083E090E0BACF8C8583FD13C00BA11CA186
:105200009E012F5F3F4FD801B801655F7F4F6A173E
:105210007B0709F4B5C0F90141919F019D914917A0
:10522000B1F309A11AA10F5F1F4F11F38DA59EA520
:10523000AFA5B8A90097A105B105D1F298012F70CB
:105240003327232BD9F480903D1890903E18019677
:10525000A11DB11D8DA79EA7AFA7B8AB69A57AA563
:105260008BA59CA5F401611571058105910549F493
:10527000848195810817190708F0BACF1AA309A3EA
:105280009CCF2281E22FE150FF0BAF019801E4E0B7
:1052900036952795EA95E1F724233523232B71F7DB
:1052A0000E94AC26623071058105910508F49ACF01
:1052B000F401468057806084718464157505860505
:1052C000970508F095CF69A77AA78BA79CA70E949E
:1052D0003A266DA77EA78FA798ABD0CF84FF88CF43
:1052E000E0913D18F0913E1880818330F1F48D8972
:1052F0009E89B0E0A0E0DC01992788274B8D5C8D6A
:1053000070E060E0842B952BA62BB72B8DA39EA37A
:10531000AFA3B8A7ABA1BCA1FD01CD010B968E1721
:105320009F0709F438CFB192FACF80E090E0DC011A
:10533000E5CF80E090E0DC013DC085E090E015CF56
:10534000883009F02CCF9BE0282FE32F892F31E004
:105350003E0FEE0DFF2DF11D9081913208F41FCF0D
:105360009F3209F41CCF9E3259F3281708F017CF4B
:10537000FD01E20FF11D9083982F81E0820FE4CFB1
:10538000F8019385992309F4A9CF8981882309F429
:105390002FCF8C8584FD2CCFE0913D18F0913E18E5
:1053A0008081833031F68D899E89B0E0A0E0DC01F8
:1053B000992788274B8D5C8D70E060E0842B952BBE
:1053C000A62BB72BF601868F978FA0A3B1A38D8D47
:1053D0009E8DAF8DB8A1828F938FA48FB58F168AC3
:1053E000178A108E118E81E0818390E080E0BDCE1F
:1053F0004F925F926F927F928F929F92AF92BF92E5
:10540000CF92DF92EF92FF920F931F93CF93DF9390
:105410004C017B013A01C0913D18D0913E18FA0130
:105420001182108285E090E0209709F44BC08981B9
:1054300080FFAAC08A8D9B8DAC8DBD8D4E895F8902
:10544000688D798D841B950BA60BB70BA70170E0B7
:1054500060E084179507A607B70708F47C0154019C
:10546000412C32E0532EE114F10409F490C08E89EE
:105470009F89A88DB98DAC01BD0151706627772732
:10548000452B462B472B09F04CC0DA80DA94AC014F
:10549000BD0129E076956795579547952A95D1F7EF
:1054A000D42261F5892B8A2B8B2BE9F46E8D7F8DAD
:1054B00088A199A16230710581059105D8F41982FE
:1054C00081E090E0DF91CF911F910F91FF90EF90DD
:1054D000DF90CF90BF90AF909F908F907F906F9014
:1054E0005F904F9008956AA17BA18CA19DA10E941D
:1054F000AC26E0CF6AA37BA38CA39DA36AA17BA16A
:105500008CA19DA10E943A26611571058105910526
:10551000B1F26D0D711D811D911D6EA37FA388A732
:1055200099A72E893F893170C201821B930B6701B5
:105530008E159F0508F46C014EA15FA168A579A5A1
:10554000C5018114910411F480E090E086010E946D
:105550008725892B09F0B3CF8E899F89A88DB98DB6
:105560008C0D9D1DA11DB11D8E8B9F8BA88FB98F9A
:10557000AC0CBD1CEC18FD08F30180819181C80EB4
:10558000D91ED182C0826FCF84E090E09BCF90E0A3
:1055900080E098CF4F925F926F927F928F929F920E
:1055A000AF92BF92CF92DF92EF92FF920F931F9331
:1055B000CF93DF936C018B015A01C0913D18D091BC
:1055C0003E18FA011182108285E090E02097A1F048
:1055D000898180FFE0C08074672B29F58823E9F07A
:1055E00040E050E0BA0190E080E00E94E425892B81
:1055F000A1F0198281E090E0DF91CF911F910F918E
:10560000FF90EF90DF90CF90BF90AF909F908F90E2
:105610007F906F905F904F90089589818F7B8983F1
:1056200090E080E0E9CF81110AC08E899F89A88D22
:10563000B98D88279E7F8E8B9F8BA88FB98F8A8D7F
:105640009B8DAC8DBD8D4E895F89688D798D841B56
:10565000950BA60BB70BA80170E060E084179507C7
:10566000A607B70708F48C01812C32E0932E0115B0
:105670001105B1F28E899F89A88DB98D9C01317079
:10568000232B09F040C0FA80FA94AC01BD0129E057
:1056900076956795579547952A95D1F7F42299F411
:1056A000892B8A2B8B2B09F06FC06E8D7F8D88A183
:1056B00099A1623071058105910508F49ACF6AA31A
:1056C0007BA38CA39DA36AA17BA18CA19DA10E9419
:1056D0003A26611571058105910509F48ACFAB0160
:1056E000BC014F0D511D611D711D4EA35FA368A725
:1056F00079A790E080E00E94E425892B09F079CF1A
:105700008981806489838E899F8991709401281B87
:10571000390B78012017310708F479012701712C22
:10572000612CB301A701C6010E94E425892B09F071
:1057300060CF8E899F89A88DB98D840D951DA61D7A
:10574000B71D8E8B9F8BA88FB98FCE0CDF1C0E19C7
:105750001F09F50120813181E20EF31EF182E08202
:105760002C01F1E05F22452809F081CF40E050E0B4
:10577000BA0190E080E00E94E425892B09F039CF3E
:1057800089818F7B898373CF6AA17BA18CA19DA125
:105790000E94AC268ECF84E090E02ECF4F925F9295
:1057A0006F927F928F929F92AF92BF92CF92DF9231
:1057B000EF92FF92CF93DF9300D000D000D0CDB70F
:1057C000DEB720913D1830913E183E832D83211580
:1057D000310509F40CC1D90111962C91119720FFC4
:1057E00009C15A96CD90DD90ED90FC905D976C15B7
:1057F0007D058E059F0510F46B017C01ED81FE8116
:1058000046885788608C718C168A178A108E118E84
:10581000C114D104E104F10409F4E6C08280912CA2
:10582000B12CA12C39E0880C991CAA1CBB1C3A9500
:10583000D1F7411451046104710409F470C0B1E05E
:105840004B1A510861087108C701B601615071090E
:1058500081099109A50194010E94944529833A8305
:105860004B835C83C301B201A50194010E9494455E
:1058700089819A81AB81BC8182179307A407B50700
:1058800008F44DC088279927DC0188199909AA09CD
:10589000BB0984219521A621B721ED81FE81868B4C
:1058A000978BA08FB18FC81AD90AEA0AFB0A62A1A6
:1058B00073A184A195A18C149D04AE04BF0408F0CB
:1058C00058C00E94AC26623071058105910568F0D0
:1058D000AD81BE8116964D905D906D907C9019972C
:1058E000641575058605970540F1ED81FE811182ED
:1058F00081E090E026960FB6F894DEBF0FBECDBFD4
:10590000DF91CF91FF90EF90DF90CF90BF90AF905D
:105910009F908F907F906F905F904F900895AD8192
:10592000BE815E966D917D918D919C919197FD01C7
:1059300062A373A384A395A3BECFAD81BE819296CB
:105940006D937D938D939C93959756964D905D9016
:105950006D907C905997480C591C6A1C7B1CFD016A
:10596000468A578A608E718EC818D908EA08FB08E3
:10597000A2CFAD81BE8156968D909D90AD90BC908A
:105980005997C80CD91CEA1CFB1CFD01C68AD78A92
:10599000E08EF18E0E943A26AB01BC014115510503
:1059A0006105710529F4AD81BE8111961C92A0CFCD
:1059B000ED81FE8182818150990B092E000CAA0B8A
:1059C000BB0B29E0F694E794D794C7942A95D1F7B6
:1059D0008C219D21AE21BF21480F591F6A1F7B1FBB
:1059E00046A357A360A771A790E080E083CF85E02E
:1059F00090E080CF84E090E07DCF90934218809338
:105A000041180895CF93C82F6CE370E081EE90E3C6
:105A10000E94FC3A60E081EE90E30E94803A6C2F95
:105A200081EE90E30E94803A81EE90E3CF910C9456
:105A3000773B6CE370E081EE90E30E94FC3A81EEEC
:105A400090E30E94773B81114AC080E88093401820
:105A50008EEA0E94022D85ED0E94022D80E80E94B0
:105A6000022D88EA0E94022D8FE30E94022D83ED11
:105A70000E94022D80E00E94022D80E40E94022DEF
:105A800081EA0E94022D88EC0E94022D8AED0E947C
:105A9000022D82E10E94022D81E80E94022D80E801
:105AA0000E94022D89ED0E94022D82E20E94022DA9
:105AB0008BED0E94022D85E30E94022D84EA0E9454
:105AC000022D86EA0E94022D8DEA0E94022D8BE8AB
:105AD0000E94022D8FEA0E94022D81E0089580E04D
:105AE0000895CF93C2E0C80F862F8F70806B0E94FD
:105AF000022D8C2F8F700E94022D8C2F82958F701B
:105B00008061CF910C94022DCF93909140189817FB
:105B1000C9F0C82F8FEA992319F0C11103C08EEA8A
:105B20000E94022DC093401881E80E94022D8091AE
:105B300040180E94022D80914018882319F08FEFA1
:105B400080933F18CF91089580913F188823A9F042
:105B5000815080933F18811110C08091401882308D
:105B600038F081E00E94842D8FEF80933F180895D4
:105B70008EEA0E94022D109240180895FF920F9312
:105B80001F93CF93DF93F82E192F062F6CE370E04D
:105B900081EE90E30E94FC3A60E481EE90E30E9483
:105BA000803ACF2DD12F0C0F1D2F111D0C171D0763
:105BB00031F0699181EE90E30E94803AF7CF81EE57
:105BC00090E3DF91CF911F910F91FF900C94773B61
:105BD000EF92FF920F931F93CF93DF93CDB7DEB772
:105BE00060970FB6F894DEBF0FBECDBFFE013196B1
:105BF000CE014196FE2EEF2E11928E179F07E1F7F0
:105C000010E0612F80E00E94712D08E060E18F2D8F
:105C10009E2D0E94BE2D0150C9F71F5F183089F7D5
:105C200060960FB6F894DEBF0FBECDBFDF91CF9167
:105C30001F910F91FF90EF900895CF93DF93C82F9E
:105C40008091411890914218892B09F455C0809198
:105C5000401887FD03C080E80E94842D8FEF809359
:105C60003F184C2F0C2E000C550BE0914118F09171
:105C70004218848190E0481759070CF12581280FBC
:105C8000392F311D42175307D4F460814181562FBB
:105C9000493008F0550F2C2FCC0F330B281B390B34
:105CA000529FE001539FD00D1124493050F482815E
:105CB00093818C0F9D1FDF91CF910C94BE2DC0E27C
:105CC000E4CF60E080E00E94712DE0914118F091F6
:105CD00042188281938160818C0F9D1F0E94BE2D8E
:105CE00061E080E00E94712DE0914118F09142182E
:105CF0006081C60FD11DDBCFDF91CF9108950F9347
:105D00001F93CF93DF938A010E94712DE80189913F
:105D1000882319F00E941D2EFACFDF91CF911F9199
:105D20000F9108958EBD0DB407FEFDCF8EB5089579
:105D30001F93CF93DF93182FD62FC42F5B98892FF3
:105D40000E94922E812F0E94922E8D2F84600E949D
:105D5000922E8C2F0E94922E5B9ADF91CF911F91F1
:105D60000895CF93DF93D82FC62F5B98892F0E9479
:105D7000922E8D2F0E94922E8C2F0E94922E80E0C8
:105D80000E94922E5B9ADF91CF9108951F93CF933B
:105D9000DF938295880F807E18E0180FD0E0C0E076
:105DA000612F81E090E00E94B12E882331F021968E
:105DB000C03187E2D807A1F781E0DF91CF911F9131
:105DC0000895EF92FF920F931F93CF93DF93D82FF5
:105DD000C62F7A0189015B98892F0E94922E8D2F00
:105DE0000E94922E8C2F84600E94922EE7010E0D4D
:105DF0001F1DC017D10721F089910E94922EF9CF63
:105E00005B9ADF91CF911F910F91FF90EF900895D2
:105E10000F931F93CF93DF93082F162FEA015B9800
:105E200080E00E94922E802F0E94922E812F84600B
:105E30000E94922E8D2F0E94922E8C2F0E94922EC5
:105E40005B9ADF91CF911F910F910895CF93DF93CC
:105E5000D82FC62F5B9880E00E94922E8D2F0E9433
:105E6000922E8C2F0E94922E80E00E94922EC82F9C
:105E7000D0E0DC2FCC2780E00E94922E5B9A9E011E
:105E8000282BC901DF91CF910895CF93DF93EC01C7
:105E900068816295660F607E685F40E181E090E016
:105EA0000E94982E88810E94C62E68818823A1F0C6
:105EB0001F926F9386E991E19F938F938DE891E311
:105EC0009F938F930E9432420F900F900F900F90EC
:105ED0000F900F908FEF47C06295660F607E685FEE
:105EE00041E090E080E00E94982E49815A816881CB
:105EF0006295660F607E685F84E090E00E94082FE4
:105F000068816295660F607E685F41E081E090E0A5
:105F10000E94982E88810E94C62E6881882329F0CD
:105F20001F926F938BEB91E1C7CF6295660F607EF6
:105F3000685F83E090E00E94B12E68818331B1F008
:105F40001F926F938FED91E19F938F938DE891E373
:105F50009F938F930E9432420F900F900F900F905B
:105F60000F900F908EEFDF91CF9108956295660F9D
:105F7000607E685F4CE08FE290E00E94982E68811E
:105F80006295660F607E685F42E081E090E00E946B
:105F9000982E88810E94C62E6881882329F01F923E
:105FA0006F9386E092E188CF6295660F607E685FAE
:105FB00083E090E00E94B12E8431A9F088811F9285
:105FC0008F938CE292E19F938F938DE891E39F935F
:105FD0008F930E9432420F900F900F900F900F906E
:105FE0000F908DEFC0CF80E0BECFCF92DF92EF92C7
:105FF000FF920F931F93CF93DF93EC017B016A0114
:1060000068816295660F607E685F80E290E00E9422
:10601000262F8C01C816D90608F486010115110532
:1060200009F448C00E94FF3D6C877D878E879F875B
:1060300068816295660F607E685F84E290E00E94EE
:10604000262F6C0168816295660F607E605F980103
:10605000A7019F700E94E12EA601400F511F688189
:106060006295660F607E685F84E290E00E94082F70
:1060700068816295660F607E685F40E281E090E033
:106080000E94982E88810E94C62E882399F08881CC
:106090001F928F9385E592E19F938F938DE891E313
:1060A0009F938F930E9432420F900F900F900F900A
:1060B0000F900F90DF91CF911F910F91FF90EF9074
:1060C000DF90CF900895FF920F931F93CF93DF93AC
:1060D000EC01F62E68816295660F607E685F80E253
:1060E00090E00E94262F892BA1F10E94FF3D6C8732
:1060F0007D878E879F8768816295660F607E685F67
:1061000084E290E00E94262F8C0168816295660FE0
:10611000607E605F4F2D9F700E94982EA8014F5F98
:106120005F4F68816295660F607E685F84E290E0F1
:106130000E94082F68816295660F607E685F40E26A
:1061400081E090E0DF91CF911F910F91FF900C942F
:10615000982EDF91CF911F910F91FF900895CF92CC
:10616000DF92EF92FF920F931F93CF93DF93EC0197
:1061700088811F928F9389E792E19F938F930DE817
:1061800011E31F930F930E94324268816295660F5C
:10619000607E685F48E081E090E00E94982E8881F0
:1061A0000E94C62E0F900F900F900F900F900F909F
:1061B0008823E1F188811F928F938BE992E19F936D
:1061C0008F931F930F930E9432420F900F900F9066
:1061D0000F900F900F9068816295660F607E685FE8
:1061E00040E181E090E00E94982E88810E94C62EB6
:1061F000882399F088811F928F9384EC92E19F937A
:106200008F938DE891E39F938F930E9432420F907A
:106210000F900F900F900F900F90DF91CF911F91E3
:106220000F91FF90EF90DF90CF9008950E94FF3D77
:106230006B017C0168816295660F607E685F83E018
:1062400090E00E94B12E882331F20E94FF3D6C192C
:106250007D098E099F09693E73408105910550F3C0
:10626000BACFCF93DF931092431880E58CBDC1E085
:10627000CDBD40E860E090E080E00E94982E64E6AA
:1062800070E080E090E00E945E3E60E089E390E094
:106290000E94B12ED82F843079F066EF74E08DE83B
:1062A00091E30E94D94140E150E06D2F8DE891E3E8
:1062B000DF91CF910C94BA42C0934318DF91CF91F4
:1062C0000895CF92DF92EF92FF92CF93DF93C09128
:1062D0004318CC2309F421C1109244188CEF98E0A4
:1062E00090934618809345181092471810924818BA
:1062F0001092491810924A1810924B1810924C188C
:10630000D1E0D0934D1810924E1810924F180E9461
:10631000FF3D6093501870935118809352189093DA
:10632000531880E09CE7A2E9B0E080935418909362
:106330005518A0935618B093571810925B1E1092E0
:106340005A1E1092591E1092581E10925F241092DD
:106350005E2410925D2410925C2410926424D093E9
:1063600077248DEF98E0909379248093782410928D
:106370007A2410927B2410927C2410927D24109217
:106380007E2410927F24D093802410928124109236
:1063900082240E94FF3D6093832470938424809321
:1063A00085249093862480E09FE9A4E2B0E0809366
:1063B000872490938824A0938924B0938A241092F0
:1063C0008E2A10928D2A10928C2A10928B2A10926B
:1063D0009230109291301092903010928F30109233
:1063E00097306AE473E08DE891E30E94094284E407
:1063F00098E10E94AF3087E794E20E94AF3040E816
:1064000060E090E080E00E94982E0E94FF3D6B01CA
:106410007C010E94FF3D6C197D098E099F09643F34
:1064200071408105910508F076C060E090E080E061
:106430000E94B12E87FDEDCF64E170E080E090E036
:106440000E945E3E60E373E0CC2311F069E173E0EB
:106450008DE891E30E940942C0934318CC2309F4CC
:106460005CC026E030E04AEA50E360E089E090E07A
:106470000E94E12E24E030E040EB50E360E08FE04A
:1064800090E00E94E12E24E030E044EB50E360E035
:1064900085E090E00E94E12E24E030E048EB50E3FC
:1064A00060E081E090E00E94E12E4091C830509180
:1064B000C93060E089E190E00E94082F4091CA3025
:1064C00060E08BE190E00E94982E44E068E08EE16D
:1064D00090E00E94982E44E068E08FE190E00E94F6
:1064E000982E44E068E28EE190E00E94982E44E00D
:1064F00068E28FE190E00E94982E84E498E10E9487
:10650000452F87E794E2DF91CF91FF90EF90DF90E6
:10651000CF900C94452FC0E08FCFDF91CF91FF90AB
:10652000EF90DF90CF9008952F923F924F925F921D
:106530006F927F928F929F92AF92BF92CF92DF9293
:10654000EF92FF920F931F93CF93DF93CDB7DEB7F8
:10655000CB58D1090FB6F894DEBF0FBECDBF209146
:106560004318C857DF4F2883C858D040222309F466
:1065700057C185B193B1892384FF52C104E418E166
:106580003CE5E32E34E2F32E312C212CD801139676
:106590008C91873109F05BC0F701208131818281C4
:1065A00093812817390709F452C023E33CE0229E67
:1065B000C001239E900D329E900D1124AC014C5BC6
:1065C000574E6A01D701AD90BC90119712968D91EC
:1065D0009C91A816B906D9F120E0F7018281938138
:1065E000E22FF0E0A816B90651F127FD28C0D60128
:1065F000A80FB91FA85EB94F3C91019660E076E004
:106600000E948045D70113969C938E93129781E048
:10661000820F41E050E04C0F5D1FE40FF51F308307
:106620003F3F59F4D80118969C91992331F0FA0113
:10663000E80FF11D308382E0820F282FCECFAF010B
:10664000BE016F5F7F4FC8010E94F52FBBCFF801DD
:1066500060816295660F607E685F83E090E00E94D3
:10666000B12E982ED80113968C91B7E19B1231C6AA
:10667000873109F48DC0F801D080D294DD0C90EE02
:10668000D922F8E0DF0E5B9880E00E94922E8CE029
:106690000E94922E8D2D0E94922E580124EEA21A55
:1066A00023EFB20A680130EEC31A33EFD30A80E059
:1066B0000E94922ED5018D935D01CA16DB06B9F7B3
:1066C0005B9AF70187811F928F9386811F928F9328
:1066D00085811F928F9384811F928F93D8018C9113
:1066E0001F928F93ECEEF2E1FF93EF938DE891E32D
:1066F0009F938F930E9432420FB6F894DEBF0FBE75
:10670000CDBFD70114969C9114978091BC309813FB
:10671000A1C015969C9115978091BD3098139AC091
:1067200016969C9116978091BE30981393C0179639
:106730009C918091BF3098138DC06BE173E18DE81F
:1067400091E30E94FD4181E0F70180871186128666
:106750000E94FF3DF801648775878687978781E0EF
:1067600081871682178210869581292F2B7F25839A
:1067700094FD74C012868387F801858183FF08C069
:10678000D7018D919C91119713969C938E9312979C
:10679000F8019382D70118968C918130C9F40E9438
:1067A000FF3DF80144845584668477846419750933
:1067B00086099709693E73408105910548F068E3B1
:1067C00073E18DE891E30E941B42D70118961C9259
:1067D000911047C062EB74E08DE891E30E94D941CB
:1067E00023E33CE0229EC001239E900D329E900D3B
:1067F0001124FC01EC5BF74E7F014AE050E0608120
:106800008DE891E30E94BA420E94FF3DD7011C9699
:106810006D937D938D939C931F97C8010E94452F84
:10682000C557DF4F0FB6F894DEBF0FBECDBFDF9167
:10683000CF911F910F91FF90EF90DF90CF90BF907D
:10684000AF909F908F907F906F905F904F903F9010
:106850002F900895D70118961C927ACF82871386BD
:106860008BCFBCE19B1228C069E874E08DE891E30E
:106870000E94D9414AE050E0F80160818DE891E33F
:106880000E94BA420E94FF3DD8011C966D937D93F1
:106890008D939C931F97C8010E94452F0D5C134F49
:1068A000FDECEF1AF3EFFF0A2A94232809F4B8CF7E
:1068B00022242394312C6ACEB7E19B12EFCF0E94A1
:1068C000FF3DF80184849584A684B784681979090A
:1068D0008A099B0980889188A288B38825818616B9
:1068E0009706A806B90608F4E6C022FDE4C0828532
:1068F0008111FEC0F8018385882311F1D701189614
:106900008C918130E9F066EE73E08DE891E30E94AE
:10691000D9414AE050E0F80160818DE891E30E949E
:10692000BA426FEFC8010E9463306DEFC8010E9448
:10693000633063E0C8010E946330D8011B961C924B
:10694000F8018185882309F449C08081811103C041
:10695000858181FF43C0D70118968C918130F1F178
:1069600063EC73E08DE891E30E94D9414AE050E086
:10697000F80160818DE891E30E94BA4264EF71E012
:1069800080E090E00E945E3E48E550E06AE776E1F4
:10699000C8010E94F52F80910D184BE250E06CEC7D
:1069A00075E1811104C041E850E068EF75E1C8016C
:1069B0000E94F52F43E850E068E475E1C8010E94A9
:1069C000F52FD8018C91811107C048EE50E064E4A6
:1069D00073E1C8010E94F52FF8011186D8016C916E
:1069E0006295660F607E685F86E290E00E94262FC7
:1069F0005C01892B09F452CF0E94FF3DF8016487A6
:106A000075878687978760816295660F607E685F6D
:106A100088E290E00E94262F6C0198012D5D334F93
:106A2000C657DF4F39832883CA58D040C857DF4F35
:106A30007880C858D0408FEFA8014C5E594FCE5790
:106A4000DF4F59834883C258D040D801AA5EB94F5E
:106A5000CA57DF4FB983A883C658D040E3E3FCE0B0
:106A60002E9E90012F9E300D3E9E300D1124A901C7
:106A70004C5B574E2A01D5011197CC57DF4FB98394
:106A8000A883C458D040A114B10409F491C0BFEF49
:106A9000B80FC757DF4FB883C958D040882309F4CF
:106AA0009DC07110B2C0C757DF4F3881C958D04060
:106AB000311196C07FC06AE574E022FD02C06BE22E
:106AC00074E08DE891E30E94D9414AE050E0D8019A
:106AD0006C918DE891E30E94BA42C8010E94AF30E8
:106AE0000E94FF3DF8016487758786879787D3CE1C
:106AF000D70118968C91813009F4FCCE6BE074E0DC
:106B00008DE891E30E94D9414AE050E0F8016081AC
:106B10008DE891E30E94BA426FEFC8010E94633092
:106B20006BEFC8010E94633060E0C8010E946330CF
:106B30006FEFC8010E9463306DEFC8010E9463309F
:106B400060E0C8010E9463306FEFC8010E946330AB
:106B50006BEFC8010E94633061E0C8010E9463309E
:106B60006FEFC8010E9463306DEFC8010E9463306F
:106B700061E0C8010E9463306FEFC8010E9463307A
:106B80006BEFC8010E94633063E0C8010E9463306C
:106B90006FEFC8010E9463306DEFC8010E9463303F
:106BA00063E0C8010E946330D8011A961C92A2CEFD
:106BB000811114C0D8018C911F928F938BEC94E1BA
:106BC0009F938F938DE891E39F938F930E9432421E
:106BD0000F900F900F900F900F900F9071105ECE4E
:106BE000F80180811F928F9383EF94E19F938F939D
:106BF0008DE891E39F938F930E9432420F900F9004
:106C00000F900F900F900F9049CEF8016081629520
:106C1000660F607E685EC6019F700E94B12E982E3E
:106C2000D70118968C91813009F028C180EE890D2A
:106C3000803690F41F929F92EFE4F5E0FF93EF937C
:106C40004DE851E35F934F930E9432420F900F90B3
:106C50000F900F900F900F90D7011996EC91199704
:106C60001A968C91E93008F0A4C08111B8C0AE2FFB
:106C7000B0E0AD52B94E8C91082E000C990B9816CD
:106C8000190609F08DC0EF5FD7011996EC93F70153
:106C90008285823009F0DDC0FAE09F12DAC0D701A8
:106CA00018961C92189719968C918730B0F1FE01B6
:106CB00031964F01C657DF4FA880B980CA58D040DF
:106CC000612CC5010E94EA48D4018D934D016EE20A
:106CD00070E0C5010E941A495C01B3E06B1629F00F
:106CE000892BD9F0EFEFAE1ABE0A6394F4E06F126D
:106CF000E8CF82E0D70118968C9318978981149673
:106D00008C9314978A8115968C9315978B81169680
:106D10008C9316978C8117968C93D70118968C912B
:106D20001897823009F08EC017968C9117971F9292
:106D30008F9316968C9116971F928F9315968C9120
:106D400015971F928F9314968C911F928F93EBE45B
:106D5000F4E1FF93EF934DE851E35F934F930E946B
:106D600032420FB6F894DEBF0FBECDBFBFEFCB1AD5
:106D7000DB0AF80160816295660F607E685FA6019C
:106D800088E290E00E94082FD8016C916295660F0E
:106D9000607E685F40E481E090E00E94982EEDC143
:106DA000F70110866DE274E18DE891E30E941B42C9
:106DB0006ECF811114C0F0E29F1269CF6AE374E1D3
:106DC0008DE891E30E94FD41D7011A968C911A97A4
:106DD0008F5F1A968C931A9719961C9258CF813010
:106DE00009F055CFBEE29B1621F080ED890D8A3067
:106DF00078F4EF3008F04BCF81E08E0FD701199671
:106E00008C93E40DF52DF11DED5DF34F90823FCF96
:106E1000B0E29B1203C0EE2309F439CF62E474E1BF
:106E20008DE891E30E94FD41D7011996EC911997E5
:106E3000E40DF52DF11DED5DF34F108282E01A9601
:106E40008C9325CF60E774E18DE891E30E941B42AB
:106E50008DCFF7018085813089F4FFEFCF1ADF0AEB
:106E6000D8016C916295660F607E685FA60188E22A
:106E700090E00E94082FF801608188CFD801159614
:106E80009C91159790FF3FC018968C911897882376
:106E900051F016968C911697813059F516961C92E2
:106EA000BFEF9B1263CFCE57DF4FE881F981C25805
:106EB000D04020813181C901019660E076E00E94D6
:106EC0008045CA57DF4FA881B981C658D0404D913F
:106ED0005C9184179507A9F0240D351DF901948A5A
:106EE000CE57DF4FA881B981C258D0408D939C9373
:106EF0003DCFEFEF9E12D7CF81E0D80116968C934D
:106F000035CF712C33CFF8018681813009F48FC0E1
:106F100008F470C0823009F49DC0833009F49EC02B
:106F2000BFE79B1609F4B8C0EDE09E12B7C0CE577C
:106F3000DF4FA881B981C258D0402D913C91C90141
:106F4000019660E076E00E948045CA57DF4FE881F5
:106F5000F981C658D040408151818417950709F4C2
:106F600099C0240D351DD90154969C92CE57DF4F00
:106F7000E881F981C258D04091838083CC57DF4F9C
:106F800028813981C458D0402230310508F465CFBA
:106F900046013FEF831A930AD8016C916295660F00
:106FA000607E685EC4019F700E94B12E8A3011F02D
:106FB000811153CFF5013297CC57DF4FF983E88326
:106FC000C458D040D8016C916295660F607E685FAE
:106FD000A40188E290E00E94082FF8016081629588
:106FE000660F607E685F40E481E090E00E94982E2A
:106FF000640133CFFFEF9F1293CF81E016968C93FD
:10700000169717961C92179718962C91189721117E
:107010000AC094FD02C01A968C9360EB73E08DE871
:1070200091E30E94094281E0F80180879FCEFAEF48
:1070300082E09F1609F461CFB0EF9B1203C0F80104
:10704000168294CED80117969C921797E3E0169675
:10705000EC938CCEFFEF9F1289CE4ECF87818D3F70
:10706000A9F4F1E09F1212C06FEFC8010E946330D3
:107070006BEFC8010E94633061E0C8010E94633079
:1070800064E773E08DE891E30E940942D801169607
:107090001C926CCE712C72CF88E0982ED801149679
:1070A0008C91EBECF0E301900020E9F7BF016C5C00
:1070B0007043492D50E0282F30E02617370708F09D
:1070C00043C026553F4CD90191962C91022E000CBD
:1070D000330B24173507A1F5F8012081211130C0A9
:1070E0008F5F8483F8018481882311F091FFB5CEEE
:1070F000CE57DF4FA881B981C258D0402D913C9125
:10710000C901019660E076E00E948045CA57DF4FD2
:10711000E881F981C658D040408151818417950794
:1071200009F4D5C0240D351DD90154969C92CE5733
:10713000DF4FE881F981C258D040918380838DCEA2
:10714000D80114961C92CECFF80114821F929F9200
:107150002DE834E13F932F938DE891E39F938F9334
:107160000E9432420F900F900F900F900F900F904F
:10717000B5E49B120EC00E946131C757DF4F888172
:10718000C958D040CC57DF4FA880B980C458D040F0
:1071900072CCEDE49E120DC0D80115968C9181FF42
:1071A000E5CD80910D188111E1CD81E080930E181D
:1071B000DDCDBAE59B1206C0F801858181FFD6CDF1
:1071C00082E0F4CFF9E49F1209C0D80115968C91A2
:1071D00081FFCCCDB3E0B0930E18C8CDE4E49E128D
:1071E00007C0D80115968C9181FFC0CD84E0DECF19
:1071F000B2E59B1232C0F801858181FFB7CDF894CA
:107200001092C1001092C2001092C9001092CA00E0
:107210001CBC1DBC1092BC0014BC15BC109280009C
:10722000109281001092B0001092B1001092900064
:107230001092910010927A001AB817B814B81BB8BF
:1072400018B815B888E198E00FB6F894A89580931F
:1072500060000FBE90936000FFCFF2E49F1286CDD6
:10726000D80115968C91159792E0892715968C93E5
:1072700015978C911F928F93ECEAF4E1FF93EF93B3
:107280004DE851E35F934F930E943242D801159627
:107290008C910F900F900F900F900F900F9081FF97
:1072A0000FC06AE673E08DE891E30E940942809185
:1072B0005A1E90915B1E9093591E8093581E56CD76
:1072C0006EE573E08DE891E30E9409424FCD712C89
:1072D000C4CD873109F05CCA68ED74E08DE891E3B4
:1072E0000E94D9414AE050E0F80160818DE891E3C5
:1072F0000E94BA42D80115968C911597982F9A7FC3
:1073000015969C9315979C91911142CA887F15966A
:107310008C933ECA982F80914318882321F1923094
:1073200008F5892F90E023E33CE0829FF001839FE2
:10733000F00D929FF00D1124EC5BF74E2381273165
:1073400011F02C3179F423E33CE0829FF001839F1C
:10735000F00D929FF00D1124EC59FB4D81E09081CE
:10736000913009F480E00895CF92DF92EF92FF927E
:107370000F931F93CF93DF93462F90914318992338
:10738000B1F0E82EF12C8230D8F01F928F9386E175
:1073900095E19F938F938DE891E39F938F930E9444
:1073A00032420F900F900F900F900F900F90DF913F
:1073B000CF911F910F91FF90EF90DF90CF900895A4
:1073C00083E39CE0E89E9001E99E300DF89E300D2D
:1073D00011242C5B374EF901E85EF34F00811181D7
:1073E000C8010196C12C26E0D22EB6010E9480452C
:1073F000EC013296808191818C179D0739F4CE0182
:107400000196B6010E9480459183808323E33CE08E
:10741000E29EC001E39E900DF29E900D11248C5BC4
:10742000974EFC01E00FF11FE85EF94F4083885E44
:10743000934FFC01D183C083BACF90E080E00895E0
:107440008091153190911631891B990B0895909177
:107450001631809115312FEF3FEF981748F4E92F3F
:10746000F0E0E95EFE4C208130E09F5F90931631A2
:10747000C9010895E091163180911531E81730F473
:10748000F0E0E95EFE4C808190E008958FEF9FEF81
:1074900008950895CF93DF93EC01E091ED30F091E2
:1074A000EE303097F1F090911631809115319817A8
:1074B000C0F090E0292F30E02617370754F4DE01A2
:1074C000A20FB31F4C91295E3E4CD9014C939F5F94
:1074D000F1CF1092163160931531CB01DF91CF912E
:1074E0000994DF91CF910895E091EF30F091F03061
:1074F000309729F01092F3301092F23009940895E9
:10750000CF93DF931F92CDB7DEB769832091F1301F
:107510002223F9F02091F230203258F021E030E0BF
:10752000FC013383228390E080E00F90DF91CF91C4
:1075300008958091F330E82FF0E0EC50FF4C9981F2
:1075400090838F5F8093F3308093F23081E090E0FE
:10755000ECCF61E0CE0101960E944C3CF7CFCF9278
:10756000DF92EF92FF920F931F93CF93DF937C01F3
:10757000CB018A012091F130222389F0EB016B01CC
:10758000C40ED51ECC15DD0569F06991D701ED91CA
:10759000FC910190F081E02DC7010995F3CF642F94
:1075A0000E944C3CC801DF91CF911F910F91FF9039
:1075B000EF90DF90CF900895109216311092153110
:1075C0001092F3301092F2300E948B3B84E79AE3E2
:1075D0000E94783C8AE49AE30C94733CCB01BA0194
:1075E0000C94A93B81E08093F130609314311092A8
:1075F000F3301092F23008950C94F23A0F93062F64
:1076000021E04091F23064EF70E3809114310E94E8
:10761000FC3B1092F3301092F2301092F1300F9147
:1076200008954F925F926F927F92AF92BF92CF92E6
:10763000EF92FF920F931F93CF93DF935C01F62E8F
:10764000D42F28013901EE2019F10E94F23ACE2DF3
:10765000C43008F0C3E0C150B8F028E0C29FC001B8
:107660001124A301920104C056954795379527959B
:107670008A95D2F7B901D501ED91FC910190F08185
:10768000E02DC5010995E7CF60E0C5010E94FE3AF3
:107690004D2FD13208F040E22C2D67E171E38F2DA0
:1076A0000E94BC3B1092163180931531DF91CF912F
:1076B0001F910F91FF90EF90CF90BF90AF907F9070
:1076C0006F905F904F900895CF92EF920F931F931A
:1076D000C22EE12C00E010E098010E94113B1F91A6
:1076E0000F91EF90CF90089521E00C94643B61E0FE
:1076F0000C94FE3AE1EEF0E31382128288EE93E0FE
:10770000A0E0B0E084839583A683B78381EE96E101
:107710009183808308951092863181E08093843133
:107720001092833161E081E10E94503F61E080E18D
:107730000E94503FE9EBF0E080818E7F8083808162
:107740008D7F80838CE58093B80085E48093BC00B6
:1077500008959B01AC0160E07DE281E391E00E942D
:10776000944520513109410951095695479537955E
:1077700027952093B80008954132E0F59091863125
:107780009111FCCF91E090938631209384312FEFBB
:107790002093373170937E3160937D3110927C312C
:1077A000240F20937B319093853190918531880F00
:1077B000892B80938531809183318130C9F4109277
:1077C0008331809185318093BB008091BC0083FD23
:1077D000F8CF85EC8093BC00809186318130E1F355
:1077E00080917C31841710F440917C31842F08956E
:1077F00085EEF0CF40E0FACF0F93413208F044C05D
:10780000909186319111FCCF92E090938631009354
:1078100084319FEF9093373170937E3160937D3147
:1078200010927C3140937B3110928531909185315B
:10783000880F892B8093853180918331813011F5B8
:1078400010928331809185318093BB008091BC0080
:1078500083FDF8CF85EC8093BC00222321F080913A
:1078600086318230D1F3809137318F3F79F080912A
:107870003731803269F080913731803359F084E0BC
:107880000F91089585EEE7CF81E0FACF80E0F8CF41
:1078900082E0F6CF83E0F4CF20915931260F3327D1
:1078A000331F21323105ECF420918631FC0190E048
:1078B00080E0243069F082E00895A091593121914F
:1078C000AC01455A5E4CA40FB52FB11D2C93019607
:1078D000861798F380915931680F6093593180E091
:1078E000089581E008959093803180937F310895C9
:1078F0009093823180938131089585ED8093BC000F
:107900008091BC0084FDFCCF10928631089585ECF7
:107910008093BC001092863108951F920F920FB68B
:107920000F9211240BB60F922F933F934F935F93B7
:107930006F937F938F939F93AF93BF93EF93FF9337
:107940008091B900887F803609F44EC008F041C0AC
:10795000883209F4AAC028F5803109F49EC0C8F421
:10796000882309F407C1883009F497C0FF91EF918B
:10797000BF91AF919F918F917F916F915F914F9147
:107980003F912F910F900BBE0F900FBE0F901F9045
:107990001895883109F489C0803241F780933731D6
:1079A00015C0803409F4A6C048F48033B9F3883395
:1079B000E9F6809337310E94873CD8CF803509F4AF
:1079C00089C0883509F49EC0883481F60E947D3CC8
:1079D000CDCF883909F494C038F5883729F050F4B0
:1079E000883611F0803711F683E08093863110924B
:1079F000383157C0883809F483C0803919F080388D
:107A000009F0B4CF80913831803208F079C0E0912C
:107A1000383181E08E0F809338318091BB00F0E0E7
:107A2000E75CFE4C80833DC0803B39F0E0F4803A57
:107A300009F485C0883A09F099CF84E080938631B3
:107A400010925A3110925931E0918131F091823186
:107A500009958091593181110FC081E0809359318E
:107A600010925B3109C0803C09F482C0883C09F463
:107A70007FC0883B09F07ACFE0915A3181E08E0FC8
:107A800080935A31F0E0E55AFE4C80818093BB0030
:107A900090915A318091593131C0809185318093D4
:107AA000BB0085EC8093BC0061CF90917C318091CC
:107AB0007B319817B8F580917D3190917E31E091BE
:107AC0007C3121E02E0F20937C31E80FF92FF11D3E
:107AD0008081E5CF20917D3130917E31E0917C3104
:107AE00081E08E0F80937C318091BB00E20FF32FF9
:107AF000F11D808390917C3180917B31981788F2C1
:107B000085E8D0CF20917D3130917E31E0917C317C
:107B100081E08E0F80937C318091BB00E20FF32FC8
:107B2000F11D808380918431811150CF81E0809359
:107B3000833184EA8093BC001092863117CF0E9473
:107B4000873C80913831803230F4E0913831F0E078
:107B5000E75CFE4C10826091383170E0E0917F313B
:107B6000F091803189E391E3099510923831FECE8E
:107B700085ECE0CF1092373129CF1F920F920FB6CC
:107B80000F9211244F935F936F937F938F939F93E3
:107B90004091893150918A3160918B3170918C3153
:107BA0008091883190918731943019F51092873106
:107BB0009091873190FD21C08A598D3728F08D57DB
:107BC0004F5F5F4F6F4F7F4F809388314093893174
:107BD00050938A3160938B3170938C319F918F9148
:107BE0007F916F915F914F910F900FBE0F901F90FB
:107BF00018959F5F90938731DBCF8959DECF2FB7E0
:107C0000F8946091893170918A3180918B31909193
:107C10008C312FBF0895CF92DF92EF92FF926FB712
:107C2000F8948091893190918A31A0918B31B091F3
:107C30008C315091883126B535B3432F417030FFD8
:107C400004C041E02F3F09F440E06FBF6C017D01AB
:107C500037E0CC0CDD1CEE1CFF1C3A95D1F7C50EAD
:107C6000D11CE11CF11CC81AD90AEA0AFB0A880FC8
:107C7000991FAA1FBB1FC81AD90AEA0AFB0A63E0A8
:107C8000CC0CDD1CEE1CFF1C6A95D1F730E0A3E3A1
:107C9000B3E00E94BF45672F782F892F99276C0D7D
:107CA0007D1D8E1D9F1D442321F06D5C7C4F8F4FE9
:107CB0009F4FFF90EF90DF90CF9008958F929F920B
:107CC000AF92BF92CF92DF92EF92FF926B017C0155
:107CD0000E940B3E4B015C01C114D104E104F1048C
:107CE000E9F00E9463430E940B3E681979098A09F2
:107CF0009B09683E73408105910570F321E0C21A2B
:107D0000D108E108F10888EE880E83E0981EA11CD6
:107D1000B11CC114D104E104F10429F7FF90EF90E4
:107D2000DF90CF90BF90AF909F908F90089500000C
:107D300000000000000000008230910550F09C011E
:107D4000220F331F220F331F0797820F931F0197B4
:107D5000F1F70895789484B5836084BD85B5836018
:107D600085BDEEE6F0E0808181608083E1E8F0E0AF
:107D700082E08083808181608083E0E8F0E0808120
:107D800081608083E1EBF0E0808184608083E0EBC0
:107D9000F0E0808181608083E1E9F0E080818360B0
:107DA0008083E0E9F0E080818160808387E88093D0
:107DB0007A001092C100089582508A3088F5E82F29
:107DC000F0E0EB51F14C0C94B6450D3F113FEF3E06
:107DD000F53E103F103FF93EFF3E033F093F8091C3
:107DE00080008F77809380000895809180008F7D40
:107DF000F9CF8091B0008F778093B0000895809183
:107E0000B0008F7DF9CF809190008F7780939000A4
:107E10000895809190008F7DF9CF84B58F7784BDD0
:107E2000089584B58F7DFBCFCF93DF9390E0FC0165
:107E3000E75CFA4F2491875A9A4FFC01849188237A
:107E4000C9F090E0880F991FFC01E357FA4FA59104
:107E5000B491FC01ED57FA4FC591D49161110DC059
:107E60009FB7F8948C91209582238C938881282346
:107E700028839FBFDF91CF910895623051F49FB75F
:107E8000F8943C91822F809583238C93E8812E2B4C
:107E9000EFCF8FB7F894EC912E2B2C938FBFEACFB6
:107EA0001F93CF93DF93282F30E0F901E75EFA4F5D
:107EB0008491F901E75CFA4FD491F901E75AFA4F3E
:107EC000C491CC23A9F0162F81110E94DC3EEC2F27
:107ED000F0E0EE0FFF1FED57FA4FA591B4918FB769
:107EE000F894EC91111108C0D095DE23DC938FBF7C
:107EF000DF91CF911F910895DE2BF8CFCF93DF93C1
:107F0000282F30E0F901E75EFA4F8491F901E75C30
:107F1000FA4FD491F901E75AFA4FC491CC23A1F05A
:107F200081110E94DC3EEC2FF0E0EE0FFF1FE758BE
:107F3000FA4FA591B491EC91ED2381E090E009F422
:107F400080E0DF91CF91089580E090E0FACFFC01CE
:107F5000218D328D838D948DA901481B590BCA0147
:107F600093700895FC01218D328D838D948D281797
:107F7000390739F0838D948DE80FF91F878D90E0D4
:107F800008958FEF9FEF0895FC01218D328D838D31
:107F9000948D2817390779F0A38DB48DAE0FBF1FCC
:107FA0005F968C91238D348D2F5F3F4F3370348FCC
:107FB000238F90E008958FEF9FEF0895FC01558D7A
:107FC000468D252F30E0842F90E0821B930B5417B1
:107FD00010F0CF9608950197089585E591E4892BD7
:107FE00049F080E090E0892B29F00E9455418111F1
:107FF0000E94000080E090E0892B49F080E090E052
:10800000892B29F00E94000081110C940000089532
:10801000FC01A68DA80FB92FB11DA15EBB4F2C91FD
:10802000868D90E001968F739927868FA689B789F0
:108030002C93A089B1898C91837080648C93958DE9
:10804000868D981306C00288F389E02D80818F7D8C
:1080500080830895CF93DF93EC01888D8823B9F056
:10806000AA89BB89E889F9898C9185FD03C0808143
:1080700086FD0DC00FB607FCF7CF8C9185FFF2CFC0
:10808000808185FFEDCFCE010E940840E9CFDF91CE
:10809000CF910895EF92FF920F931F93CF93DF93A9
:1080A000EC0181E0888F9D8D8E8D98131AC0E88930
:1080B000F989808185FF15C09FB7F894EE89FF8903
:1080C0006083E889F98980818370806480839FBFA1
:1080D00081E090E0DF91CF911F910F91FF90EF90A1
:1080E0000895F62E0D8D10E00F5F1F4F0F731127AF
:1080F000E02E8E8D8E110CC00FB607FCFACFE889EA
:10810000F989808185FFF5CFCE010E940840F1CF2B
:10811000ED8DEC0FFD2FF11DE15EFB4FF0829FB75F
:10812000F8940D8FEA89FB8980818062CFCFCF924E
:10813000DF92EF92FF921F93CF93DF93EC016A01DE
:108140007B01122F60E47BE48CE490E0A7019601B0
:108150000E9494452150310941095109569547958E
:1081600037952795E889F98982E08083211580E198
:10817000380798F0E889F989108260EA75E286E2AA
:1081800090E0A70196010E949445215031094109D0
:1081900051095695479537952795EC85FD85308390
:1081A000EE85FF852083188EEC89FD891083EA898E
:1081B000FB89808188698083EA89FB8980818F7D42
:1081C0008083DF91CF911F91FF90EF90DF90CF9050
:1081D00008951F920F920FB60F9211240BB60F92B3
:1081E0002F934F935F938F939F93EF93FF93E09120
:1081F0009D31F0919E318081E091A331F091A431C5
:1082000082FD27C020818091A6319091A7310196EF
:1082100093704091A8315091A9318417950759F076
:10822000E091A631F091A731E357FE4C278F909350
:10823000A7318093A631FF91EF919F918F915F912C
:108240004F912F910F900BBE0F900FBE0F901F906C
:1082500018958081F0CF1F920F920FB60F921124C4
:108260000BB60F922F933F934F935F936F937F9330
:108270008F939F93AF93BF93EF93FF938DE891E319
:108280000E940840FF91EF91BF91AF919F918F9114
:108290007F916F915F914F913F912F910F900BBE06
:1082A0000F900FBE0F901F9018958DE891E30E94DC
:1082B000A73F21E0892B09F420E0822F0895EDE803
:1082C000F1E31382128288EE93E0A0E0B0E08483B1
:1082D0009583A683B78383EF96E19183808385ECB2
:1082E00090E09587848784EC90E09787868780EC80
:1082F00090E0918B808B81EC90E0938B828B82EC71
:1083000090E0958B848B86EC90E0978B868B128E19
:10831000118E148E138E158E168E0895AF92BF9205
:10832000CF92DF92EF92FF920F931F93CF93DF9341
:108330006C017B018B01040F151FEB015E01AE1870
:10834000BF08C017D10759F06991D601ED91FC9192
:108350000190F081E02DC6010995892B79F7C501BF
:10836000DF91CF911F910F91FF90EF90DF90CF9011
:10837000BF90AF900895FB01A485B585ED91FC9168
:1083800011970190F081E02D682FCD01099590E0C3
:1083900080E00895FB0101900020E9F73197AF01DB
:1083A000461B570BDC01ED91FC910280F381E02D1F
:1083B0000994EF92FF920F931F93CF93DF938C0159
:1083C0007B01D0E0C0E0F701EC0FFD1F6491662354
:1083D00061F0D801ED91FC910190F081E02DC80190
:1083E0000995892B11F02196EECFCE01DF91CF9127
:1083F0001F910F91FF90EF9008956115710511F095
:108400000C94CA4190E080E008956DEB76E00C9406
:10841000CA410F931F93CF93DF93EC010E94D94180
:108420008C01CE010E940542800F911FDF91CF91F8
:108430001F910F9108950F931F93CF93DF938C019A
:10844000D0E0C0E06115710519F00E94CA41EC014D
:10845000C8010E9405428C0F9D1FDF91CF911F9193
:108460000F910895CF93DF93CDB7DEB72E970FB658
:10847000F894DEBF0FBECDBF8BEB91E49A8789875E
:108480001C861B8682E08C838B899C899E878D87C6
:10849000AE01495E5F4F6D897E89CE0101960E94D3
:1084A0009D492E960FB6F894DEBF0FBECDBFDF916B
:1084B000CF9108958F929F92AF92BF92EF92FF92C9
:1084C0000F931F93CF93DF93CDB7DEB7A1970FB66E
:1084D000F894DEBF0FBECDBF7C01FA01CB0119A21B
:1084E000223008F42AE08E010F5D1F4F822E912C5E
:1084F000B12CA12CBF01A50194010E949445F90162
:10850000CA016A300CF5605DD8016E938D01232B92
:10851000242B252B79F790E080E0109721F0BD0106
:10852000C7010E94CA41A1960FB6F894DEBF0FBEE4
:10853000CDBFDF91CF911F910F91FF90EF90BF9032
:10854000AF909F908F900895695CDECF2115310523
:1085500041F4DC01ED91FC910190F081E02D642F5C
:1085600009940C945A429A01462F50E070E060E062
:108570000C94A6420F931F93CF93DF93EC010E94BC
:10858000B3428C01CE010E940542800F911FDF9102
:10859000CF911F910F910895FC01808191810097E7
:1085A00011F00C947D460895CF93DF93EC01888100
:1085B0009981009711F00E947D46198218821D82D0
:1085C0001C821B821A82DF91CF9108950F931F9313
:1085D000CF93DF93EC018B016F5F7F4F888199818F
:1085E0000E940647009751F0998388831B830A8372
:1085F00081E0DF91CF911F910F91089580E0F9CF35
:10860000CF93DF93EC0188819981892B49F08A818E
:108610009B818617970720F081E0DF91CF91089525
:10862000CE010E94E6428823C1F38C819D81892B73
:1086300099F7E881F9811082EFCFEF92FF920F93C3
:108640001F93CF93DF93EC017B018A01BA010E9453
:10865000004381110BC0CE010E94D442CE01DF91B4
:10866000CF911F910F91FF90EF9008951D830C8380
:10867000B701888199810E942549F0CFFC011182C0
:10868000108213821282158214826115710551F0D5
:10869000FB0101900020E9F73197AF01461B570B12
:1086A0000C941D43089508950E94AA3E0E945343CE
:1086B0000E94B817CDEEDFE30E940B1A2097E1F37A
:1086C0000E94ED3FF9CF08955058BB27AA270E947A
:1086D0007C430C94CD440E94BF4438F00E94C644B1
:1086E00020F039F49F3F19F426F40C94BC440EF4A6
:1086F000E095E7FB0C94B644E92F0E94DE4458F362
:10870000BA17620773078407950720F079F4A6F576
:108710000C9400450EF4E0950B2EBA2FA02D0B0102
:10872000B90190010C01CA01A0011124FF27591BB6
:1087300099F0593F50F4503E68F11A16F040A22FBC
:10874000232F342F4427585FF3CF4695379527952D
:10875000A795F0405395C9F77EF41F16BA0B620B2C
:10876000730B840BBAF09150A1F0FF0FBB1F661F73
:10877000771F881FC2F70EC0BA0F621F731F841FB6
:1087800048F4879577956795B795F7959E3F08F0DC
:10879000B0CF9395880F08F09927EE0F979587959E
:1087A00008950E94E5430C94CD440E94C64458F0BD
:1087B0000E94BF4440F029F45F3F29F00C94B64476
:1087C00051110C9401450C94BC440E94DE4468F3A2
:1087D0009923B1F3552391F3951B550BBB27AA277A
:1087E00062177307840738F09F5F5F4F220F331FB4
:1087F000441FAA1FA9F335D00E2E3AF0E0E832D07C
:1088000091505040E695001CCAF72BD0FE2F29D07E
:10881000660F771F881FBB1F261737074807AB0750
:10882000B0E809F0BB0B802DBF01FF2793585F4FC5
:108830003AF09E3F510578F00C94B6440C940145F3
:108840005F3FE4F3983ED4F3869577956795B795A7
:10885000F7959F5FC9F7880F911D9695879597F9B2
:108860000895E1E0660F771F881FBB1F621773072B
:108870008407BA0720F0621B730B840BBA0BEE1F40
:1088800088F7E09508950E944A446894B1110C94C9
:10889000014508950E94E64488F09F5798F0B92F4B
:1088A0009927B751B0F0E1F0660F771F881F991F25
:1088B0001AF0BA95C9F714C0B13091F00E94004582
:1088C000B1E008950C940045672F782F8827B85F92
:1088D00039F0B93FCCF3869577956795B395D9F77D
:1088E0003EF490958095709561957F4F8F4F9F4F87
:1088F0000895E89409C097FB3EF490958095709593
:1089000061957F4F8F4F9F4F9923A9F0F92F96E9DB
:10891000BB279395F695879577956795B795F11150
:10892000F8CFFAF4BB0F11F460FF1BC06F5F7F4FED
:108930008F4F9F4F16C0882311F096E911C07723FF
:1089400021F09EE8872F762F05C0662371F096E808
:10895000862F70E060E02AF09A95660F771F881FD7
:10896000DAF7880F9695879597F9089597F99F6795
:1089700080E870E060E008959FEF80EC08950024A7
:108980000A941616170618060906089500240A9474
:1089900012161306140605060895092E0394000CFA
:1089A00011F4882352F0BB0F40F4BF2B11F460FF89
:1089B00004C06F5F7F4F8F4F9F4F089557FD9058B2
:1089C000440F551F59F05F3F71F04795880F97FB93
:1089D000991F61F09F3F79F087950895121613064D
:1089E0001406551FF2CF4695F1DF08C0161617067C
:1089F0001806991FF1CF86957105610508940895B1
:108A0000E894BB2766277727CB0197F908950E9442
:108A10001A450C94CD440E94BF4438F00E94C644CD
:108A200020F0952311F00C94B6440C94BC4411240E
:108A30000C9401450E94DE4470F3959FC1F3950F9D
:108A400050E0551F629FF001729FBB27F00DB11DD2
:108A5000639FAA27F00DB11DAA1F649F6627B00D62
:108A6000A11D661F829F2227B00DA11D621F739F4B
:108A7000B00DA11D621F839FA00D611D221F749F59
:108A80003327A00D611D231F849F600D211D822FA0
:108A9000762F6A2F11249F5750409AF0F1F08823C7
:108AA0004AF0EE0FFF1FBB1F661F771F881F9150F4
:108AB0005040A9F79E3F510580F00C94B6440C94A9
:108AC00001455F3FE4F3983ED4F38695779567952B
:108AD000B795F795E7959F5FC1F7FE2B880F911D1E
:108AE0009695879597F90895991B79E004C0991F89
:108AF000961708F0961B881F7A95C9F780950895F8
:108B0000AA1BBB1B51E107C0AA1FBB1FA617B707B3
:108B100010F0A61BB70B881F991F5A95A9F78095CF
:108B20009095BC01CD010895A1E21A2EAA1BBB1B92
:108B3000FD010DC0AA1FBB1FEE1FFF1FA217B30729
:108B4000E407F50720F0A21BB30BE40BF50B661F3F
:108B5000771F881F991F1A9469F760957095809503
:108B600090959B01AC01BD01CF010895EE0FFF1F51
:108B70000024001C0BBE0790F691E02D0994A29FE3
:108B8000B001B39FC001A39F700D811D1124911DE1
:108B9000B29F700D811D1124911D08950E94BF4543
:108BA000A59F900DB49F900DA49F800D911D112441
:108BB0000895B7FF0C94CE450E94CE45821B930BBF
:108BC00008950F931F93CF93DF938230910510F494
:108BD00082E090E0E091EE35F091EF3530E020E07A
:108BE000B0E0A0E0309799F42115310509F44AC0AE
:108BF000281B390B24303105D8F58A819B816115FA
:108C0000710589F1FB0193838283FE0111C04081CC
:108C100051810281138148175907E0F0481759071D
:108C200099F4109761F012960C93129713961C9377
:108C30003296CF01DF91CF911F910F91089500934C
:108C4000EE351093EF35F4CF2115310551F0421771
:108C5000530738F0A901DB019A01BD01DF01F801DA
:108C6000C1CFEF01F9CF9093EF358093EE35CDCFA3
:108C7000FE01E20FF31F8193919322503109398352
:108C80002883D7CF2091EC353091ED35232B41F45B
:108C900020910201309103013093ED352093EC35A2
:108CA00020910001309101012115310541F42DB7CA
:108CB0003EB74091040150910501241B350BE09112
:108CC000EC35F091ED35E217F307A0F42E1B3F0BC6
:108CD0002817390778F0AC014E5F5F4F241735072E
:108CE00048F04E0F5F1F5093ED354093EC35819364
:108CF00091939FCFF0E0E0E09CCFCF93DF9300977C
:108D0000E9F0FC01329713821282A091EE35B09106
:108D1000EF35ED0130E020E01097A1F420813181A2
:108D2000820F931F2091EC353091ED3528173907CC
:108D300009F061C0F093ED35E093EC35DF91CF9110
:108D40000895EA01CE17DF07E8F54A815B819E01AD
:108D500041155105B1F7E901FB83EA834991599126
:108D6000C40FD51FEC17FD0761F480819181029635
:108D7000840F951FE90199838883828193819B8366
:108D80008A83F0E0E0E012968D919C911397009712
:108D9000B9F52D913C911197CD010296820F931F49
:108DA0002091EC353091ED352817390739F6309799
:108DB00051F51092EF351092EE35B093ED35A0934A
:108DC000EC35BCCFD383C28340815181840F951F82
:108DD000C817D90761F44E5F5F4F88819981480FAA
:108DE000591F518340838A819B81938382832115FC
:108DF000310509F0B0CFF093EF35E093EE359ECF1B
:108E0000FD01DC01C0CF13821282D7CF4F925F9257
:108E10006F927F928F929F92AF92BF92CF92DF928A
:108E2000EF92FF920F931F93CF93DF938C010097E4
:108E300099F4CB01DF91CF911F910F91FF90EF90AB
:108E4000DF90CF90BF90AF909F908F907F906F906A
:108E50005F904F900C94E145FC01E60FF71F9C01D9
:108E600022503109E217F30708F4AEC0D901CD91C1
:108E7000DC911197C617D70720F1C530D10578F0DE
:108E8000CE0104978617970750F0C61BD70B229781
:108E9000C193D1936D937C93CF010E947D46C8010D
:108EA000DF91CF911F910F91FF90EF90DF90CF90C6
:108EB000BF90AF909F908F907F906F905F904F90FA
:108EC00008955B01AC1ABD0A4C018C0E9D1EA09149
:108ED000EE35B091EF35512C412CF12CE12C10974F
:108EE00031F58091EC359091ED358815990509F0B3
:108EF0005CC04616570608F058C08091000190915A
:108F00000101009741F48DB79EB740910401509143
:108F10000501841B950BE817F90708F055C0F0937D
:108F2000ED35E093EC35F90171836083B8CF8D9115
:108F30009C91119712966C90129713967C901397B0
:108F4000A815B90559F56C0142E0C40ED11CCA142C
:108F5000DB0420F1AC014A195B09DA01129615977E
:108F600080F06282738251834083D9016D937C9338
:108F7000E114F10471F0D7011396FC93EE9312976C
:108F80008ECF22968C0F9D1FF90191838083F30170
:108F9000EFCFF093EF35E093EE3581CF48165906C9
:108FA00008F42C017D01D3019ACFCB010E94E14549
:108FB0007C01009749F0AE01B8010E941149C80137
:108FC0000E947D4687016BCF10E000E068CF3F92A2
:108FD0004F925F926F927F928F929F92AF92BF92C9
:108FE000CF92DF92EF92FF920F931F93CF93DF9375
:108FF0005C016B017A016115710519F0FB01918328
:109000008083E114F10449F0C7010297839728F0A7
:1090100060E070E0CB019BC05E01E5012196F501A7
:109020001081812F90E00E940849892BA9F71D32F9
:1090300009F05CC02196F501118101E0E114F10411
:1090400009F4BBC0F0E1EF16F10409F09BC0103346
:1090500041F488818F7D883509F08FC0198122966F
:109060000260E0E1EE2EF12C88248A94982CA82C42
:10907000FFE0BF2E20E060E070E0CB0127010F2C65
:10908000000C66087708FE0150ED352E310E39E0F0
:10909000331568F43FEB310F49EC342E3A3130F0A0
:1090A0003FE9310F3A31B0F539EA332E310E3E1433
:1090B0001F0484F52F3FB9F086169706A806B90657
:1090C00038F1A30192010E945D4C232D30E050E065
:1090D00040E0620F731F841F951F62177307840798
:1090E0009507B0F021E021961081CDCF1B3221F4FD
:1090F000E5012296F501118100E0A0CF78E0E72E8E
:10910000F12C88248A94982CA82C6FE1B62EB2CF2B
:109110002FEFE9CFC114D10431F0222351F121976F
:10912000F601D183C08300FF07C0909580957095AC
:1091300061957F4F8F4F9F4F2F3F49F482E290E020
:109140009093F1358093F0356FEF7FEFCB01DF9196
:10915000CF911F910F91FF90EF90DF90CF90BF9034
:10916000AF909F908F907F906F905F904F903F90C7
:10917000089501FFD8CF2297D3CF10E3E114F10473
:1091800009F4BCCF3AE0E316F104E9F080E1E81617
:10919000F10409F466CFE8E0EE16F10409F4B1CF6A
:1091A0006FEF7FEFCB0197010F2C000C440B550B99
:1091B0000E94944549015A015DCF103309F449CF0B
:1091C0009AE0E92EF12C89E9882E982CA82C89E1C7
:1091D000B82E50CFFC0188279927E894219120329E
:1091E000E9F3293010F02E30C8F32B3241F02D3244
:1091F00039F4689404C00E942C49820F911D21917A
:1092000020532A30C0F31EF4909581959F4F089506
:1092100091110C94A04B803219F089508550C8F7F9
:109220000895FB01DC0102C001900D9241505040B5
:10923000D8F70895FC018191861721F08823D9F78A
:10924000992708953197CF010895FB01DC01019022
:109250000D920020E1F708957AE0979F902D879F67
:10926000802D910D112408950F931F93CF93DF93B9
:10927000CDB7DEB72E970FB6F894DEBF0FBECDBFC9
:109280000D891E8986E08C831A8309838FEF9FE7FF
:109290009E838D83AE01475E5F4F6F89788DCE01CF
:1092A00001960E949D492F813885020F131FF801F6
:1092B00010822E960FB6F894DEBF0FBECDBFDF91A1
:1092C000CF911F910F9108950F931F93CF93DF9329
:1092D000CDB7DEB72E970FB6F894DEBF0FBECDBF69
:1092E0008C01FA0186E08C831A83098377FF02C020
:1092F00060E070E8615071097E836D83A901BF0150
:10930000CE0101960E949D494D815E8157FD0AC0A4
:109310002F813885421753070CF49A01020F131F4F
:10932000F80110822E960FB6F894DEBF0FBECDBFA7
:10933000DF91CF911F910F9108952F923F924F92FD
:109340005F926F927F928F929F92AF92BF92CF92D5
:10935000DF92EF92FF920F931F93CF93DF93CDB7DE
:10936000DEB72B970FB6F894DEBF0FBECDBF7C01E2
:109370003B018A01FC0117821682838181FFDDC1D6
:10938000CE0101965C01F7019381F30193FD859174
:1093900093FF81913F01882309F453C1853239F449
:1093A00093FD859193FF81913F01853229F4B701A7
:1093B00090E00E94B94BE7CF912C212C312CFFE19A
:1093C000F31538F08B3211F190F4803209F18332C9
:1093D00029F137FC3CC020ED280F2A3050F536FE2D
:1093E00020C08AE0989E200D1124922E06C08D3256
:1093F00091F0803371F7689430F8F30193FD859113
:1094000093FF81913F018111DACF21C0689431F837
:10941000689432F8F2CF689433F8EFCF689434F858
:10942000ECCFEAE02E9E200D1124222E689435F810
:10943000E4CF8E3229F436FC04C1689436F8DDCFCF
:109440008C3619F4689437F8D8CF8836B1F2982F53
:109450009F7D95549330E0F08336A1F18337C1F1BD
:10946000833509F063C02801F2E04F0E511CF8016A
:10947000C080D180692D70E036FC02C06FEF7FEFB5
:10948000C6010E94A34B4C01689437F882010AC0C0
:109490000C5F1F4FFFE3F98388248394912C6501AF
:1094A000E89437F833FE2DC0522C8114910471F5E5
:1094B000552009F468CFB70180E290E00E94B94BD3
:1094C0005A94F6CFF801808189830E5F1F4FE4CF55
:1094D0002801F2E04F0E511CF801C080D180692DA7
:1094E00070E036FC02C06FEF7FEFC6010E94AE4B0A
:1094F0004C018201D5CFB70180E290E00E94B94BC8
:109500002A942814190409F0B0F7CECFF60137FCDD
:10951000859137FE81916F01B70190E00E94B94BB0
:1095200051105A94F1E08F1A9108BFCF843619F088
:10953000893609F077C0F80137FE6BC06081718110
:10954000828193810C5F1F4FF32DFF763F2E97FF93
:1095500009C090958095709561957F4F8F4F9F4F73
:10956000689437F82AE030E0A5010E94E94BC82E44
:10957000CA188C2C432C36FE0CC0E89440F8C91451
:1095800040F434FE05C032FC03C0F32DFE7E4F2EA6
:10959000892C44FEAAC0FE01EC0DF11D80818033B0
:1095A00009F09CC0242D297E422E842D8870582ECF
:1095B00043FCAAC040FEA4C09C2C821418F42C0CBE
:1095C000922C981844FEA6C0B70180E390E00E9458
:1095D000B94B42FE09C088E790E041FE02C088E531
:1095E00090E0B7010E94B94BC91408F49FC0CA9417
:1095F000D12C9FEFC91AD90ACA0CDB1CF601829143
:109600006F01B70190E00E94B94BAC14BD04B1F7F3
:109610004FCF60817181072E000C880B990B0E5F74
:109620001F4F92CFD32CE894D4F82AE030E085374E
:10963000E1F1232D297FD22E8F36A9F1F0F4883560
:1096400051F1F701868197812B960FB6F894DEBF12
:109650000FBECDBFDF91CF911F910F91FF90EF9083
:10966000DF90CF90BF90AF909F908F907F906F9042
:109670005F904F903F902F900895803749F0883742
:1096800001F7D4FE02C06894D2F820E130E00DC0AA
:109690006894D4F8F6CF34FE03C0822F8660D82EAB
:1096A00020E132E002C028E030E0F801D7FE0FC030
:1096B00060817181828193810C5F1F4FA5010E949F
:1096C000E94BC82ECA183D2CE89437F852CF608178
:1096D000718190E080E00E5F1F4FF0CF42FC02C02E
:1096E000839463CF8394839460CF842D867809F428
:1096F0005CCFF6CFB70180E290E00E94B94B839433
:109700008214C0F3512C5ECF522C5818821408F4E6
:1097100059CFF8CF842D867809F466CF8BE241FECD
:1097200080E247FC8DE2B70190E05CCFB70180E3B7
:1097300090E00E94B94B9A9457CF8FEF9FEF84CF60
:10974000992788270895FC01059061507040011009
:10975000D8F7809590958E0F9F1F0895FC0161505A
:10976000704001900110D8F7809590958E0F9F1F43
:1097700008950F931F93CF93DF93182F092FEB01B9
:109780008B8181FD09C01FEF0FEF812F902FDF919B
:10979000CF911F910F91089582FF14C02E813F81B8
:1097A0008C819D81281739073CF4E881F981CF012C
:1097B00001969983888310838E819F8101969F8370
:1097C0008E83E3CFE885F985812F0995892BA1F355
:1097D000DACFFA01AA27283051F1203181F1E8943B
:1097E0006F936E7F6E5F7F4F8F4F9F4FAF4FB1E094
:1097F0003ED0B4E03CD0670F781F891F9A1FA11D8F
:10980000680F791F8A1F911DA11D6A0F711D811D8F
:10981000911DA11D20D009F468943F912AE0269F54
:1098200011243019305D3193DEF6CF010895462FB3
:109830004770405D4193B3E00FD0C9F7F6CF462F94
:109840004F70405D4A3318F0495D31FD40524193FD
:1098500002D0A9F7EACFB4E0A695979587957795BA
:109860006795BA95C9F700976105710508959B0141
:10987000AC010A2E06945795479537952795BA95CA
:10988000C9F7620F731F841F951FA01D0895F999D2
:10989000FECF92BD81BDF89A992780B50895262FF5
:1098A000F999FECF1FBA92BD81BD20BD0FB6F894C5
:1098B000FA9AF99A0FBE01960895DB018F939F9350
:1098C0000E94CE45BF91AF91A29F800D911DA39F95
:1098D000900DB29F900D1124089512E0CFECD2E0CC
:1098E00004C0FE010E94B6452196C03DD107C9F7CC
:1098F000F894FFCF0000F2358000134453784E41B6
:109900004D2E444154004453784E79792E44534BA4
:1099100000001234646790733070617373776F72F4
:1099200064000D0A507265737320435220746F20D7
:109930006163636570742C2045534320746F206508
:10994000786974206F7220616E79206F7468657217
:10995000206B657920746F206368616E67650D0AFE
:109960000030002F003A002533752E2533752E2543
:1099700033752E25337500253032583A253032584C
:109980003A253032583A253032583A253032583A52
:1099900025303258003E20252D323073207C202582
:1099A000730D0A002020252D323073207C20257372
:1099B0000D0A001B5B25753B31481B5B4B004D417D
:1099C00043204164647265737300495020416464AC
:1099D00072657373004E65746D61736B00476174DB
:1099E0006577617900547275737465642050726F85
:1099F000787900444E533100444E53320054435062
:109A00002054696D656F75742028302E316D73296F
:109A1000005265747269657300536F636B657430CF
:109A200020507764001B5B324A1B5B482B2D2D2D89
:109A30002D2D2D2D2D2D2D2D2D2D2D2D2D2D2D2D56
:109A40002D2D2D2D2D2D2D2D2D2D2D2D2D2D2D2D46
:109A50002D2D2D2D2D2D2D2D2D2D2D2D2B0D0A00A8
:109A60007C202020202020202020202020204E4547
:109A700054574F524B20434F4E464947555241543D
:109A8000494F4E2020202020202020202020202050
:109A90007C0D0A002B2D2D2D2D2D2D2D2D2D2D2D19
:109AA0002D2D2D2D2D2D2D2D2D2D2D2B2D2D2D2DE8
:109AB0002D2D2D2D2D2D2D2D2D2D2D2D2D2D2D2DD6
:109AC0002D2D2D2D2B0D0A000D0A2B2D2D2D2D2D7D
:109AD0002D2D2D2D2D2D2D2D2D2D2D2D2D2D2D2DB6
:109AE0002D2D2D2D2D2D2D2D2D2D2D2D2D2D2D2DA6
:109AF0002D2D2D2D2D2D2D2D2D2D2B0D0A00E286FA
:109B000091E286932020202020202073656C6563DD
:109B10007420726F77202F206D6F646966792073CF
:109B2000656C6563746564206669656C640D0AE242
:109B30008690E286922020202020202073656C658C
:109B40006374206669656C640D0A454E5445522065
:109B5000202020626567696E2F656E6420656469E8
:109B600074696E6720726F770D0A532020202020C1
:109B70002020207361766520616C6C0D0A4553438B
:109B80002020202020206469736361726420616C4E
:109B90006C0D0A1B5B25753B3148001B5B25753B33
:109BA000257548000D0A494F533A205344206572E9
:109BB000726F722025752028004449534B5F45522F
:109BC00052004E4F545F5245414459004E4F5F463C
:109BD000494C45004E4F545F4F50454E4544004E52
:109BE0004F545F454E41424C4544004E4F5F4649FD
:109BF0004C4553595354454D00554E4B4E4F574EBF
:109C000000206F6E20004D4F554E54004F50454E72
:109C10000052454144005752495445005345454B75
:109C200000206F7065726174696F6E00202D204690
:109C3000696C653A202573004469736B2053657421
:109C40002025750020282573290032323A33393A0D
:109C500032340041756720313320323032360049CA
:109C60004F533A20436865636B20534420616E6410
:109C70002070726573732061206B657920746F208A
:109C80007265706561740D0A0D0A000D0A0A494F6C
:109C9000533A2042617564207265636F766572790C
:109CA00020646F6E65202D20506C65617365207295
:109CB00065626F6F74206E6F77210D0A000A494F3D
:109CC000533A20506F7765722D6F6E206465666120
:109CD000756C742052414D2042616E6B2073657427
:109CE00074696E673A0D0A000A5072657373202B0F
:109CF0002F2D206F7220435220746F2061636365A3
:109D000070740D0A0042616E6B202D3E20000A49DE
:109D10004F533A205A383020436C6F636B205365A1
:109D20007474696E673A0D0A00436C6F636B202D83
:109D30003E2025642E25303264204D487A0D0008DF
:109D40002008002563001B5B32323B3148494F53EA
:109D50003A204368616E676573206469736361725A
:109D60006465642E0D0A001B5B25753B3148494F25
:109D7000533A205479706520277965732720746FD2
:109D800020636F6E6669726D2020202020202020C5
:109D9000200D0A001B5B25753B3148494F533A2083
:109DA0004E6574776F726B20636F6E66696775724C
:109DB0006174696F6E20757064617465642E2052E1
:109DC000657374617274696E6720696E746572661A
:109DD0006163652E2E2E0D0A001B5B25753B3148F5
:109DE000494F533A204E6574776F726B20636F6EE4
:109DF00066696775726174696F6E20736B697070E4
:109E000065642C2074727920616761696E2E0D0A79
:109E10002020201B5B25753B3148005B4652414D9D
:109E20005D20526561642025752062797465732018
:109E30004020253034580A0D000A494F533A205229
:109E40005443206D616E75616C2073657474696E26
:109E5000673A0D0A0059656172202D3E20004D6F52
:109E60006E7468202D3E20002020202020202020FD
:109E700020202020200D20446179202D3E20004804
:109E80006F757273202D3E20004D696E7574657379
:109E9000202D3E20005365636F6E6473202D3E209D
:109EA00000202E2E2E646F6E652020202020200D95
:109EB0000A0D0A00494F533A2052544320646174FA
:109EC000652F74696D652075706461746564202800
:109ED00000494F533A2053656C65637420626F6F7D
:109EE00074206D6F6465206F722073797374656D73
:109EF00020706172616D65746572733A0D0A00526B
:109F00003133303832360053303731323235004158
:109F1000303630313236000D0A0A5A38305F4D4241
:109F200043322D56202D2025730D0A494F53202DE5
:109F300020492F4F2053756273797374656D202DFE
:109F40002025732D25730D0A0D0A00494F533A2021
:109F5000466F756E6420657874656E646564207301
:109F6000657269616C205278206275666665722040
:109F7000282575206279746573290D0A00494F53AD
:109F80003A205A383020636C6F636B2073657420FD
:109F900061742025642E25303264204D487A0D0AE4
:109FA00000494F533A20466F756E64205254432047
:109FB000445333323331204D6F64756C6520280073
:109FC00020543D256443290D0A00494F533A20523D
:109FD000544320434C4F434B20504F57455220464B
:109FE00041494C45443A204441544120495320556D
:109FF0004E52454C4941424C45210D0A00494F53B0
:10A000003A20466F756E6420475045204F70746942
:10A010006F6E0D0A00494F533A20466F756E6420EB
:10A02000462D52616D204F7074696F6E2028435920
:10A030003135453036344A202F20464D32344336B0
:10A040003442290D0A00494F533A20466F756E6419
:10A050002057353530302065746865726E65742020
:10A06000636F6E74726F6C6C6572202825752E2577
:10A07000752E25752E2575290D0A00494F533A2056
:10A0800043502F4D204175746F6578656320697367
:10A0900020004F4E004F4646000D0A494F533A20CC
:10A0A00052656D656D626572206C617374204D65DB
:10A0B0006E752053656C656374696F6E20697320DB
:10A0C000000D0A494F533A205A38302077617463A3
:10A0D00068646F6720726573657420636F756E7452
:10A0E0006572002028462D52414D29003A20256CEA
:10A0F00075002028253032752F253032752F2530F8
:10A10000327520253032753A253032753A25303295
:10A1100075290D0A0020303A20526563616C6C206D
:10A120004C6173742053656C656374696F6E20288D
:10A130002575290D0A0020313A2042617369630DAB
:10A140000A0020323A20466F7274680D0A002033EC
:10A150003A204C6F61642F736574204F5320000DBB
:10A160000A20343A204175746F626F6F740D0A00D3
:10A1700020353A20694C6F61640D0A0020363A2080
:10A180004368616E6765205A383020636C6F636B7B
:10A190002073706565640D0A0020373A20546F679C
:10A1A000676C652043502F4D204175746F6578654D
:10A1B00063202020282D3E0020383A20536574204B
:10A1C00073657269616C20706F727420737065655D
:10A1D00064202028256C75290D0A0020393A205367
:10A1E000657420496E697469616C2052414D20424A
:10A1F000616E6B20202028257529002028574152A8
:10A200004E494E473A2064656661756C74206973E7
:10A21000202575290020413A20546F67676C65201E
:10A2200052656D656D6265722053656C2E2020202D
:10A23000282D3E004F4E29004F4646290020423A25
:10A2400020536574205254432074696D652F6461F6
:10A2500074650D0A0020433A204368616E676520EB
:10A260004E6574776F726B2053657474696E677393
:10A270000D0A000D0A456E74657220796F757220A3
:10A2800063686F696365203E00256320204F6B0D76
:10A290000A000D202D3E00202020202020202020FC
:10A2A00020202020202020200D000D202D3E256C78
:10A2B000752020200D004368616E6765642073700F
:10A2C0006565642077696C6C2062652065666665EB
:10A2D0006374697665206166746572206E65787452
:10A2E000207265626F6F74210D0A0D0A0A000D0A53
:10A2F0004F766572726964696E672073656C656319
:10A300007465642062616E6B202825752920746F46
:10A3100020300D0A0D0A00494F533A2043757272DE
:10A32000656E742000424153494334372E42494EF2
:10A3300000464F52544831332E42494E0043504D4F
:10A3400032322E42494E0051504D4C44522E424919
:10A350004E0043504D4C44522E434F4D00554353F5
:10A36000444C44522E42494E00434F532E42494ED4
:10A370000046555A49582E42494E004155544F42C5
:10A380004F4F542E42494E00494F533A204C6F6173
:10A3900064696E6720626F6F742070726F6772619C
:10A3A0006D20282573292E2E2E00494F533A204C1C
:10A3B0006F6164696E6720626F6F742070726F677F
:10A3C00072616D2E2E2E0020446F6E650D0A0049BD
:10A3D0004F533A205A38302069732072756E6E6977
:10A3E0006E672066726F6D206E6F770D0A0D0A0022
:10A3F00025732020206677202573004261756472E2
:10A400006174652020256C75005A38302057646FC0
:10A41000672020256C750028253032752F253032B5
:10A42000752F2530327520253032753A253032753A
:10A430003A2530327529004275696C64005B4652DA
:10A44000414D5D205772697474656E2025752062D8
:10A4500079746573204020253034580A0D005B5014
:10A46000524F544F5D205752204F50434F44452088
:10A47000284F555431292C203078253032582077F8
:10A4800068696C6520696F4F70636F6465203D205B
:10A490003078253032582C20696F42797465436ECC
:10A4A00074203D2025750D0A005B53455442414EF2
:10A4B0004B5D205365742025752049676E6F72656A
:10A4C00064005B53454C54454C4E4554534F434BED
:10A4D00045545D2025750D0A005B53454C54454C91
:10A4E000534F434B45545D20496E76616C6964203F
:10A4F000736F636B65642025750D0A005B534554CB
:10A5000054454C4E4554464C4147535D2069616368
:10A510005F737461746520636C65617265640D0AB4
:10A52000005B53455454454C4E4554464C414753AB
:10A530005D207365742020203078253032582C201F
:10A54000726573756C74203078253032582C207306
:10A550006F636B65742025750D0A005B5345545479
:10A56000454C4E4554464C4147535D2072657365DA
:10A5700074203078253032582C20726573756C74D5
:10A58000203078253032582C20736F636B6574202F
:10A5900025750D0A005B53455454454C4E455446B1
:10A5A0004C4147535D20496E76616C696420736F3E
:10A5B000636B65642025750D0A000D0A5B5A3830FF
:10A5C00057444F475D2073657420746F20257520B4
:10A5D000736563732000284D656E755F72657374D3
:10A5E0006172742D6C6576656C2052657365742993
:10A5F0000D0A00285A38302D6C6576656C2052653E
:10A60000736574290D0A002844697361626C65647E
:10A61000290D0A000D0A5B5A383057444F475D2018
:10A6200073657474696E67206572726F723A202563
:10A63000752C2025750D0A000D0A5B50524F544FA2
:10A640005D205752204441544120284F5554302911
:10A650002C20307825303258207769746820696E54
:10A6600076616C6964206F70636F64652030782553
:10A670003032580D0A005B47455454454C4E455402
:10A68000464C4147535D2025752C20736F636B65E5
:10A69000742025750D0A005B47455454454C4E45C2
:10A6A00054464C4147535D20496E76616C69642085
:10A6B000736F636B65642025750D0A000D0A5B508E
:10A6C000524F544F5D205244204441544120284968
:10A6D0004E3029207769746820696E76616C6964F0
:10A6E000206F70636F6465203078253032582C20DD
:10A6F0000D0A005F5A38305F7265735F0D0A005FA4
:10A7000049656E5F0D0A005F496469735F0D0A0059
:10A7100058020000B004000060090000C0120000F0
:10A7200080250000004B00008070000000960000B3
:10A7300000E1000000C201001F1C1F1E1F1E1F1F82
:10A740001E1F1E1F0608560F20600000000000009C
:10A7500000005F000000000700070000147F147F66
:10A760001400242A7F2A1200231308646200364949
:10A7700055225000000503000000001C224100008B
:10A780000041221C000014083E08140008083E087E
:10A7900008000050300000000808080808000060A9
:10A7A000600000002010080402003E5149453E00B0
:10A7B00000427F4000004261514946002141454B23
:10A7C00031001814127F10002745454539003C4AD6
:10A7D00049493000017109050300364949493600ED
:10A7E000064949291E000036360000000056360092
:10A7F0000000081422410000141414141400004135
:10A8000022140800020151090600324979413E0034
:10A810007E1111117E007F49494936003E41414178
:10A8200022007F4141221C007F49494941007F09A4
:10A83000090901003E4149497A007F0808087F0064
:10A8400000417F4100002040413F01007F08142269
:10A8500041007F40404040007F020C027F007F04A7
:10A8600008107F003E4141413E007F090909060072
:10A870003E4151215E007F09192946004649494958
:10A88000310001017F0101003F4040403F001F2097
:10A8900040201F003F4038403F006314081463000D
:10A8A000070870080700615149454300007F414196
:10A8B00000000204081020000041417F0000040253
:10A8C000010204004040404040000001020400003A
:10A8D0002054545478007F48444438003844444459
:10A8E0002000384444487F00385454541800087EEF
:10A8F000090102000C5252523E007F080404780005
:10A9000000447D4000002040443D00007F1028446A
:10A91000000000417F4000007C04180478007C089F
:10A92000040478003844444438007C1414140800AB
:10A93000081414187C007C0804040800485454547B
:10A940002000043F444020003C4040207C001C206C
:10A9500040201C003C4030403C004428102844006B
:10A960000C5050503C004464544C440000083641A4
:10A97000000000007F0000000041360800001008C1
:10A9800008100800FF8181F181FF5B5735353030B9
:10A990005D20434C4F53452074696D656F7574207D
:10A9A0006F6E20736F636B65742025750D0A005BF5
:10A9B00057353530305D204F50454E2074696D65F8
:10A9C0006F7574206F6E20736F636B6574202575CF
:10A9D0000D0A005B57353530305D20534F434B5FD8
:10A9E000494E4954206572726F72206F6E20736FEA
:10A9F000636B65742025750D0A005B573535303063
:10AA00005D204C495354454E2074696D656F7574D3
:10AA1000206F6E20736F636B65742025750D0A00BF
:10AA20005B57353530305D20534F434B5F4C4953B6
:10AA300054454E206572726F72206F6E20736F6383
:10AA40006B65742025750D0A005B57353530305D18
:10AA50002053454E442074696D656F7574206F6E88
:10AA600020736F636B65742025750D0A005B573585
:10AA70003530305D20446973636F6E6E6563746951
:10AA80006E6720736F636B65742025750D0A005B1C
:10AA900057353530305D2043525F444953434F4E64
:10AAA0002074696D656F7574206F6E20736F636BB2
:10AAB00065742025750D0A005B57353530305D20F3
:10AAC00043525F434C4F53452074696D656F7574F5
:10AAD000206F6E20736F636B65742025750D0A00FF
:10AAE0005B54454C4E45545D20536F636B65742039
:10AAF000257520636F6E6E656374656420746F3AAC
:10AB00002025752E25752E25752E25750D0A005BC1
:10AB10005041525345525D2050726F787920495010
:10AB20002C2070617273696E673A20002D2D2D3EC6
:10AB300074696D656F7574000D0A436F6D6D616E9C
:10AB4000647320617661696C61626C6520776974F9
:10AB500068205A383020696E2052554E2073746137
:10AB600074650D0A2822452220616E64202252223B
:10AB700020616C7761797320656E61626C65642910
:10AB80003A0D0A0D0A5B7077645D4D2020426163C7
:10AB90006B20746F204D61696E204D656E750D0AD6
:10ABA0005B7077645D5A20205A38302048617264A7
:10ABB0002052657365740D0A5B7077645D492020CF
:10ABC000456E61626C65205469636B20494E540D7B
:10ABD0000A5B7077645D44202044697361626C6530
:10ABE000205469636B20494E540D0A5B7077645D95
:10ABF00045202045746865726E6574205265696EE3
:10AC000069740D0A5B7077645D522020426F617237
:10AC10006420486172642052657365740D0A0D0AE0
:10AC2000002D2D2D3E6D69736D61746368005B733B
:10AC3000706163655D005B49505F454E445D000D8A
:10AC40000A5B5041525345525D2050726F786965DE
:10AC5000642049503A2025752E25752E25752E2500
:10AC6000750D0A000D0A5B5041525345525D204953
:10AC70006E76616C696420495020737472696E67E6
:10AC8000005B54454C4E45545D20537065636961CB
:10AC90006C20636F6D6D616E643A2025630D0A0050
:10ACA0005B54454C4E45545D20494F5320427269D8
:10ACB00064676520736F636B65742025752000538E
:10ACC000616665747920636F756E74657220525881
:10ACD000206C6F6F70204578697420736F636B65AB
:10ACE000742025750D0A004649464F2046756C6C48
:10ACF000205258206C6F6F70204578697420736FF4
:10AD0000636B65742025750D0A005B54454C4E45F8
:10AD1000545D20707573685F747820617474656D1C
:10AD200070746564206F6E20696E76616C69642052
:10AD3000736F636B65742025750D0A002A2020202F
:10AD40002020202020202020202020202020202003
:10AD500020202020202020202020202020202020F3
:10AD6000202020202A0D0A2A2020202068747470B8
:10AD7000733A2F2F7777772E70726F626F736369D4
:10AD80002E64652F5A38306D626320202020202ADF
:10AD90000D0A2A2A2A2A2A2A2A2A2A2A2A2A2A2A50
:10ADA0002A2A2A2A2A2A2A2A2A2A2A2A2A2A2A2A03
:10ADB0002A2A2A2A2A2A2A2A2A2A2A0D0A0D0A0097
:10ADC0002A202020202020202020202020205A3827
:10ADD000302069732048616C746564202020202035
:10ADE00020202020202020202A0D0A002A20202098
:10ADF0002020202020202020202020202020202053
:10AE00002020202020202020202020202020202042
:10AE1000202020202A0D0A2A2020496620796F75DB
:10AE200020676574206E6F2070726F6D70742C20B7
:10AE30007468652070726F636573736F7220202A67
:10AE40000D0A2A206D69676874206E6F7420626530
:10AE5000206C697374656E696E67206F6E2074680C
:10AE6000697320736F636B6574202A0D0A000D0AE5
:10AE70002A2A2A2A2A2A2A2A2A2A2A2A2A2A2A2A32
:10AE80002A2A2A2A2A2A2A2A2A2A2A2A2A2A2A2A22
:10AE90002A2A2A2A2A2A2A2A2A0D0A2A2020202077
:10AEA000202020202057656C636F6D6520746F2013
:10AEB0005A38305F4D4243322D562020202020202A
:10AEC0002020202A0D0A0050524F58592054435038
:10AED0000000000000803AAF3A1D3A493A203A2774
:10AEE0003A3A3A000000004A408E41DE3F2A40A72D
:06AEF0003FC43FB23F0029
:020000040001F9
:10FC000002C0F3C03BC1112484B790E89093610017
:10FC100010926100882369F0982F9A70923049F011
:10FC200081FF02C097EF94BF282E80E001D10C9491
:10FC3000000085E08093810082E08093C00088E12D
:10FC40008093C10085E18093C40086E08093C20068
:10FC50008EE0EED0209A84E02CE33BEF91E03093ED
:10FC600085002093840096BBB09BFECF189AA89580
:10FC70004091C00047FD02C0815089F7CDD081344A
:10FC800079F4CAD0C82FDAD0C23811F480E004C0A9
:10FC900088E0C13809F083E0B8D080E1B6D0EECF7B
:10FCA000823419F484E1D2D0F8CF853411F485E0A0
:10FCB000FACF853581F4B0D0E82EAED0F82E87FF8C
:10FCC00007C08BB781608BBFEE0CFF1CB7D0E5CFB0
:10FCD0008BB78E7FF8CF863579F49ED08D3451F472
:10FCE0009BD0CBB799D0C170880F8C2B8BBF81E094
:10FCF000ADD0CCCF83E0FCCF843609F045C08CD0AA
:10FD0000C82FD0E0DC2FCC2787D0C82B85D0D82EA9
:10FD10005E01B39400E011E04801EFEF8E1A9E0AF5
:10FD20007BD0F801808384018A149B04A9F786D0D4
:10FD3000F5E410E000E0DF1609F150E040E063E098
:10FD4000C70153D08701C12CDD24D394F601419122
:10FD500051916F0161E0C80148D00E5F1F4F22979B
:10FD6000A9F750E040E065E0C7013FD096CF608141
:10FD7000C8018E0D9F1D02D10F5F1F4FF801F39533
:10FD8000C017D107A1F789CF843701F545D0C82F17
:10FD9000D0E0DC2FCC2740D0C82B3ED0D82E4ED080
:10FDA0008701F5E4DF120BC0CE0DDF1DC801DED0E8
:10FDB0002CD00F5F1F4FC017D107C1F76ECFF801CE
:10FDC00087918F0122D02197D1F767CF853739F4FA
:10FDD00035D08EE11AD087E918D085E05DCF813526
:10FDE00009F074CF88E024D071CFFC010A0167BF0D
:10FDF000E895112407B600FCFDCF667029F0452B6D
:10FE000019F481E187BFE89508959091C00095FFAE
:10FE1000FCCF8093C60008958091C00087FFFCCF7F
:10FE20008091C00084FD01C0A8958091C60008950E
:10FE3000E0E6F0E098E1908380830895EDDF803282
:10FE400019F088E0F5DFFFCF84E1DFCFCF93C82F33
:10FE5000E3DFC150E9F7CF91F1CFCF92DF92EF927C
:10FE6000FF92DC01CB01642F6D01EE24FF24CBBE99
:10FE7000A901FF90EF90DF90CF90B7CF2F923F92E4
:10FE80004F925F926F927F928F929F92AF92BF92AA
:10FE9000CF92DF92EF92FF920F931F93CF93DF9356
:10FEA00000D01F92CDB7DEB71801E9826B017C014B
:10FEB00010E000E029013A014C185D086E087F0847
:10FEC00046015701840C951CA61CB71C021513058E
:10FED00031F489818823A1F188E0AADFFFCF30E0E7
:10FEE00020E043E0C701B601B8DF80E890E09B83E3
:10FEF0008A83ABBEF40127913691C501B401641920
:10FF000075098609970941E0A8DF8A819B810197DD
:10FF10009B838A8392E0890E911CA11CB11C8A816B
:10FF20009B81892B31F730E020E045E0C701B60125
:10FF300094DF9FEFD91AE90AF90A0F5F1F4FC0CF6C
:10FF40000F900F900F90DF91CF911F910F91FF9025
:10FF5000EF90DF90CF90BF90AF909F908F907F9069
:10FF60006F905F904F903F902F900895F999FECF3A
:10FF700092BD81BDF89A992780B50895262FF999E9
:10FF8000FECF1FBA92BD81BD20BD0FB6F894FA9A7C
:08FF9000F99A0FBE01960895D5
:02FFFE000008F9
:00000001FF
